,Response,Response,Response,Response,Response,Response,Response,Response,Response,Response,Response,Response,Response,Response,Response,Response,Response,Response
Question Key,EngFluent,Income,age,famIncome,gender,maritalStatus,maritalStatus-text,nChildren,occupation,parentDegree,parentMarriage,parentMarriage-text,partDegree,raceEth_v2,response-3,response-4,zipborn,zipnow
Participant Completion Code,,,,,,,,,,,,,,,,,,
aaqmxl,Yes,$22501-$42500,57,Less than $25000,male,Single,,2,computer technician,Bachelor's Degree,Divorced and Remarried,,some college,White,23064,4,23064,22520
acogtt,Yes,$42501-$80000,68,Less than $25000,male,Married,,2,educator,ba,Married,,master,White,31820,6,31820,31820
adixob,Yes,$42501-$80000,31,$56000-$78000,female,Single,,0,project manager,high school,Never married,,bachelor's,White,01864,3,01864,01864
adusps,Yes,$42501-$80000,40,$40500-$55999,female,Single,,0,retail clerk,12th grade,Never married,,12th grade,Black or African American,48224,13,48224,48224
adxtsl,Yes,$12501-$22500,40,$56000-$78000,female,Married,,1,Administrative assistant,GED/Some college,Divorced,,high school diploma,White,37214,4,37086,37086
aeiuhw,Yes,Less than $12500,22,$40500-$55999,Female,Single,,0,Self-employed,GED,Never married,,High school diploma,Black or African American,29617,7,29605,29662
aexdme,Yes,$22501-$42500,62,Less than $25000,Male,Single,,1,Information Technology,College grad,Married,,Master Civil Engineering,White,08705,6,08705,34119
aflltq,Yes,$22501-$42500,29,$40500-$55999,female,Single,,1,assembly line worker,Bachelor's ,Never married,,High school ,Black or African American,62864,3,62864,62864
afpkoh,Yes,$22501-$42500,36,Less than $25000,Female,Married,,0,Writer,Master's Degree,Married,,Master's Degree,White,1359,4,1359,20105
afsdur,Yes,$22501-$42500,29,More than $78000,female,Single,,0,administrative assistant,master's,Married,,bachelor's,White,49301,5,60119,60610
ahpzxq,Yes,Less than $12500,40,$40500-$55999,female,Married,,0,self employed,bachelors,Married,,bachelors,White,80537,4,80537,80127
ahyffc,Yes,Less than $12500,39,$56000-$78000,female,Married,,0,"online freelance (writing, data entry, transcription, research surveys, etc.)",BA,Married,,MLS,White,27513,4,29412,29601
aievnt,Yes,More than $80000,42,$40500-$55999,male,Single,,0,Finance,Bachelors,Divorced and Remarried,,Bachelors,Black or African American,94518,4,94518,94518
akfjlt,Yes,More than $80000,45,More than $78000,Female,Married,,2,Associate Director,diploma,Married,,Bachelors,Black or African American,20772,4,22314,20715
anqogs,Yes,$22501-$42500,34,$25000-$40499,Male,Single,,0,IT Associate,Bachelor's Degree,Married,,Bachelor's Degree,White,75123,8,75123,75123
apdpdy,Yes,Less than $12500,34,$25000-$40499,female,Single,,0,unemployed,high school,Married,,masters,Black or African American,30317,5,30317,30038
arvyqa,Yes,$22501-$42500,31 ,$25000-$40499,female,Married,,2,Homemaker,GED,Married,,High School Diploma,Black or African American,48214,7,48214,48213
atgyep,Yes,$22501-$42500,40,$25000-$40499,female,Married,,1,IT,4,Married,,4.year,White,70721,4,70721,70721
aumwbq,Yes,$42501-$80000,41,More than $78000,male,Single,,0,Real Estate Agent,none,Married,,Bachelor's,White,98042,4,98837,99141
auszpl,Yes,$42501-$80000,42,$40500-$55999,female,Married,,3,manager,masters,Married,,bachelors,White,47951,5,47951,47978
avjvvk,Yes,$42501-$80000,52,More than $78000,male,Married,,1,warehouse manager,bachelors degree,Married,,associates degree,White,17044,5,17044,17044
avyney,Yes,$42501-$80000,37,$25000-$40499,male,Single,,0,supervisor,high school diploma,Married,,bachelor's of science,White,27012,7,27012,27012
axmdkd,Yes,$42501-$80000,37,More than $78000,male,Married,,0,manager,Bachelors,Married,,Bachelors,Black or African American,70363,2,70363,77521
ayzbgp,Yes,Less than $12500,69,$25000-$40499,female,Widowed,,1,nurse,none,Widowed,,associates,White,30161,3,30161,30161
azqsdu,Yes,$22501-$42500,40,$40500-$55999,Male,Single,,2,Full service shopper,high school,Divorced,,high school,White,85307,3,85307,85307
bcgpxa,Yes,$22501-$42500,37,$25000-$40499,male,Divorced,,2,Driver,highschool,Divorced,,highschool,White,98250,4,98206,98664
bcusdb,Yes,More than $80000,30,More than $78000,Female,Other (please specify),Living with partner,1,Therapist,Associates,Married,,Masters,White,45244,3,45244,41073
bfapup,Yes,Less than $12500,23,$56000-$78000,Male,Single,,0,Unemployed,Bachelor's degree,Married,,Bachelor's degree,White,48455,8,48021,48858
bfbzto,Yes,$42501-$80000,52,$25000-$40499,MALE,Divorced,,1,iNFORMATION TECHNOLOGY,HIGH SCHOOL,Divorced,,AA,Black or African American,11208,5,11208,11208
bhpdxz,Yes,$22501-$42500,72,$25000-$40499,male,Divorced,,1,"Retired LCSW. Private music teacher/ online worker, full-time.",BA,Married,,"MSW +2 (LCSW, Professional license)",White,58201,4,85745,70115
biqbww,Yes,$42501-$80000,26,$56000-$78000,Male,Married,,1,IT,Bachelor,Married,,Bachelor,Black or African American,21114,3,21114,21114
bisnhd,Yes,Less than $12500,42,Less than $25000,female,Single,,2,warehouse packer,associate,Married,,associate,Black or African American,don't know,8,don't know,44110
bkwuvn,Yes,$42501-$80000,39,$25000-$40499,Male,Married,,0,Technical Copywriter,Masters,Divorced,,Associates,White,20653,6,92134,80817
bncpak,Yes,$22501-$42500,35,$56000-$78000,Female,Married,,2,Manager,Bachelor's,Married,,Bachelor's,White,25119,5,25801,25801
bquykh,Yes,$42501-$80000,59,$25000-$40499,male,Divorced,,2,sales,diploma,Other (please specify),dead,BA,White,9077,3,90277,74023
brwtdd,Yes,$42501-$80000,50,Don't know,Male,Married,,4,IT,Bachelor,Divorced,,Bachelor,White,48116,5,48116,48451
btchmp,Yes,$12501-$22500,44,$25000-$40499,Female,Married,,1,Supervisor,A bachelor's degree,Married,,A master's degree,Black or African American,42240,3,42240,42240
bykvux,Yes,More than $80000,32,More than $78000,Male,Married,,1,Marketing Manager,Bachelor / Associate,Never married,,MBA,Black or African American,20745,4,22314,20009
bzkuxw,Yes,Less than $12500,37,Less than $25000,male,Single,,1,supervisor,highschool diploma,Divorced,,highschool diploma,Black or African American,30306,5,30306,30306
bzwjyb,Yes,$22501-$42500,34,$25000-$40499,female,Married,,1,information tec it,4,Married,,4 years,White,70811,4,70811,70811
ccrgit,Yes,$22501-$42500,1984,$25000-$40499,Female,Married,,2,mturk,bachelors degree,Married,,masters degree,Black or African American,07018,5,08701,08701
cdtmsp,Yes,$22501-$42500,30,$56000-$78000,Male,Single,,0,Graphic Designer,Graduate Degree,Married,,Bachelor's Degree,Black or African American,11510,5,11510,11510
cftfqo,Yes,$22501-$42500,26,$40500-$55999,Male,Single,,1,Accountant,College degree,Married,,Bachelor's,Black or African American,85037,5,85037,85037
cfxqqu,Yes,Less than $12500,40,$25000-$40499,female,Single,,0,Freelancer,Highschool,Divorced and Remarried,,Bachelor,White,78166,3,78166,91364
cimlvf,Yes,Less than $12500,46,Less than $25000,Female,Single,,0,Click Worker,High School Diploma,Divorced,,Associcate's Degree,White,50701,2,50701,50703
ckarrn,Yes,Less than $12500,44,Less than $25000,male,Single,,0,freelance,HS,Never married,,HS,Black or African American,11405,3,11405,11405
ckknhj,Yes,Less than $12500,23,Less than $25000,Male,Single,,0,Valet Parker,Master's Degree,Never married,,High School Diploma,Black or African American,19082,5,19104,19018
clmzjo,Yes,More than $80000,35,More than $78000,Male,Married,,2,Finance,4 year degree,Married,,4 year degree,White,76570,5,76570,76570
cmemoq,Yes,Less than $12500,23,$25000-$40499,Female,Married,,0,Self-employed,High school degree,Never married,,"Didn't finish high school, 10th grade",White,32583,6,32570,32583
cmowsg,Yes,Less than $12500,39,Less than $25000,Male,Single,,0,Disabled,BA,Never married,,High School,White,19382,5,Russia,19152
cqbjwf,Yes,$12501-$22500,37,$25000-$40499,female,Married,,2,Assistant Manager,some college,Married,,highschool diploma,White,32958,4,32958,32966
crvkft,Yes,$22501-$42500,60,More than $78000,Female,Married,,6,Supervisor,Masters,Married,,associates,White,91351,6,91351,39455
ctlnwv,Yes,$22501-$42500,40,Don't know,Female,Other (please specify),In a relationship,0,Customer Advocate,High School Diploma,Married,,Bachelor's ,Black or African American,28210,7,28210,28209
ctnpdz,Yes,$12501-$22500,40,$40500-$55999,male,Single,,0,Circulation Manager,masters,Married,,some college (do degree),White,57315,5,57301,57313
ctpmrm,Yes,$42501-$80000,35,$56000-$78000,Female,Single,,1,Nurse,University/college degree,Married,,University degree,Black or African American,55316,7,55316,22182
cwgdfy,Yes,$42501-$80000,39,More than $78000,Male,Married,,0,IT Support Specialist,Highschool,Married,,Associates,White,44077,3,44077,45503
cyxqrq,Yes,$12501-$22500,37,Less than $25000,nonbinary,Single,,0,Data Analyst,Bachelor's Degree,Widowed,,Associate's Degree,White,12754,5,12754,12401
czeabu,Yes,Less than $12500,22,More than $78000,Man,Single,,0,Front Desk ,High School ,Married,,Bachelors,Black or African American,07663,4,07663,07663
cznnff,Yes,$22501-$42500,55,More than $78000,MALE,Married,,2,MANAGER,MSC,Married,,MASTERDEGREE,White,76036,6,76036,76036
dcjkzc,Yes,$42501-$80000,42,$56000-$78000,male,Married,,1,Retail ,high school,Married,,Bathloers ,Black or African American,35007,3,35214,35080
ddfwkg,Yes,$12501-$22500,48,$25000-$40499,Male,Married,,2,Minister,Diploma,Divorced,,Diploma,White,91342,5,91342,13760
ddvkmy,Yes,$22501-$42500,44,$56000-$78000,female,Single,,0,Printer,Bachelors,Never married,,masters,White,44234,4,44115,44107
dehbmc,Yes,$42501-$80000,29,$40500-$55999,female,Married,,2,Manager,MBC,Married,,MBC,White,43230,7,43230,43230
dfyrjv,Yes,$42501-$80000,33,More than $78000,Male,Married,,2,Engineer,BA,Married,,MA,Black or African American,76710,4,76710,76710
dkglyh,Yes,$12501-$22500,29,$25000-$40499,Male,Single,,0,Student,Associates Degree,Divorced,,High School Diploma,Black or African American,90068,4,90068,90068
dkjymc,Yes,$22501-$42500,29,$25000-$40499,Male,Single,,0,Arborist,High School,Married,,High School,White,75149,3,75149,75180
dlnafn,Yes,$22501-$42500,60,$56000-$78000,Female,Married,,2,Manager,Master,Married,,Master,White,60,4,USA,70070
dlrggl,Yes,$12501-$22500,26,$25000-$40499,Female,Single,,0,Nanny,Some college,Married,,High school,Hispanic or Latino,46307,5,46311,46307
dmjmoi,Yes,$22501-$42500,37,$40500-$55999,female,Single,,0,Sales,BA,Never married,,BA,Black or African American,90026,1,90026,90026
dmtidu,Yes,$22501-$42500,28,Don't know,female,Married,,0,Graphic designer,High school,Married,,Bachelor,Black or African American,28542,5,28542,27606
doaryd,Yes,More than $80000,45,$40500-$55999,Female,Married,,1,homemaker,Associates Degree,Married,,Associates Degree,White,84121,5,84121,96778
dodaau,Yes,$22501-$42500,23,$25000-$40499,Male,Single,,0,Barista,Masters,Divorced,,Bachelors,Black or African American,20866,4,20877,20866
dpwkci,Yes,$12501-$22500,35,More than $78000,Female,Single,,0,Unemployed,High School Diploma,Married,,High School Diploma,White,07675,4,07675,07675
dsjgzg,Yes,More than $80000,53,$56000-$78000,Male,Divorced,,0,Accountant,High school graduates,Married,,Bachelors,White,10014,3,10014,97209
dtinxe,Yes,$22501-$42500,31,More than $78000,FEMALE,Married,,1,data enrty,6,Married,,5.7,White,13001,5.6,13001,13001
dtylnm,Yes,$12501-$22500,40,$25000-$40499,Female,Married,,3,Supervisor,A bachelor's degree,Married,, A master's degree,Black or African American,32222,3,32222,32222
dveehp,Yes,$22501-$42500,27,$25000-$40499,male,Single,,0,manager,BBA,Never married,,MBA,White,91331,4,91331,91331
dwuklr,Yes,More than $80000,41,$56000-$78000,female,Married,,2,Human resource,B.S,Married,,M. S.,Black or African American,38611,4,38611,38611
dxhzrs,Yes,$22501-$42500,39,$25000-$40499,female,Married,,2,customer service rep,high school,Married,,high school,White,38478,5,38478,38478
dxsukr,Yes,$42501-$80000,63,$25000-$40499,male,Married,,2,music arranger/conductor,high school,Married,,hoigh school/some college,White,49441,6,49441,32828
dyojwc,Yes,Less than $12500,35,$40500-$55999,Female,Single,,0,Media Production,Bachelor,Married,,Bachelor,Black or African American,38655,1,38655,38655
eaxdhh,Yes,$12501-$22500,30,Less than $25000,Male,Single,,0,Maintenence,None,Divorced,,None,White,34639,5,34639,33523
ebhjia,Yes,More than $80000,35,More than $78000,female,Married,,3,Freelancer,High School,Married,,BA,White,98632,3,98632,98682
ecwbap,Yes,$22501-$42500,33,$25000-$40499,Male,Married,,1,Service,Bachelor,Married,,Bachelor,White,75001,5,75001,75001
edrcou,Yes,Less than $12500,30,More than $78000,non binary,Single,,0,unemployed,Masters Degree,Married,,High School Diploma,Black or African American,11412,3,11212,14606
eehvtk,Yes,$42501-$80000,40,$40500-$55999,F,Other (please specify),living with partner,0,Assistant professor,Master's degree,Married,,Master's degree,White,48161,4,48161,70125
eekvta,Yes,Less than $12500,33,$25000-$40499,male,Divorced,,2,data entry,ged,Divorced,,aa,Black or African American,95050,3,92410,95050 
efqcxo,Yes,Less than $12500,44,Less than $25000,Female,Divorced,,2,Freelance contractor,Masters,Divorced and Remarried,,High school diploma,White,47905,4,32501,32712
eifnun,Yes,$42501-$80000,31,$25000-$40499,female,Single,,0,nurse,bachelors,Married,,doctorate,Black or African American,55429,1,55429,55429
ejzjvr,Yes,Less than $12500,22,Don't know,female,Single,,0,student,,Married,,high school graduate,Black or African American,77406,5,77406,78249
ellpfh,Yes,Less than $12500,45,$40500-$55999,female,Widowed,,0,unemployed,bachelors,Divorced,,some college,White,14226,5,14226,14221
eokqdi,Yes,$12501-$22500,29,More than $78000,male,Single,,0,Driver,Associate's Degree,Divorced,,High School,White,60501,4,60655,61866
epemwo,Yes,$42501-$80000,40,More than $78000,female,Married,,1,Technician,Bachelors,Married,,Bachelors,Black or African American,48915,4,48915,48906
eppdnt,Yes,Less than $12500,28,$25000-$40499,Male,Married,,0,Freelancer,High School Diploma,Divorced and Remarried,,Master's Degree,White,95628,6,95628,95610
essxlx,Yes,$22501-$42500,29,$25000-$40499,female,Single,,0,customer service associate III,high school diploma,Married,,high school diploma,Black or African American,78957,3,78741,78132
ewwdkx,Yes,$42501-$80000,68,Don't know,Female,Single,,1,Office Manager,12,Married,,12,Black or African American,91103,7,91001,90247
exgfst,Yes,More than $80000,31,Don't know,Male,Married,,2,Software Engineer,Masters,Married,,Bachelors,White,35126,5,35205,35178
fawsmh,Yes,$42501-$80000,66,Less than $25000,Female,Married,,2,HR Administrative for Not for Profit,high school,Married,,Bachelors -college graduated,White,12182,6,12182,30180
fctwcz,Yes,$42501-$80000,67,$40500-$55999,male,Married,,2,supervisor,high school,Married,,bachelor's,White,60440,4,60440,60440
fdwppt,Yes,$42501-$80000,41,$56000-$78000,female,Married,,1,manager ,B.E,Married,,B.E,White,10013,4,1981,10013
fdwrba,Yes,$22501-$42500,47,$40500-$55999,female,Married,,2,Manager,BA,Married,,BA,Black or African American,38668,4,38668,38668
fejaps,Yes,$42501-$80000,39,$56000-$78000,female,Married,,2,logistics,Bachelors,Married,,AA,Black or African American,32824,7,32824,34758
ffjesf,Yes,$42501-$80000,35,$25000-$40499,Male,Married,,1,Admin Supervisor,None,Divorced,,Associates,White,60641,2,60641,60625
fggcxz,Yes,$22501-$42500,30,$25000-$40499,Male,Single,,0,Retail,Bachelor,Divorced and Remarried,,Bachelor,Black or African American,70131,5,70131,70131
fibcnv,Yes,$42501-$80000,31,$56000-$78000,female,Widowed,,0,web engineer,associates,Divorced,,bachelors,White,84121,3,84121,84047
fjambo,Yes,$12501-$22500,71,Less than $25000,female,Divorced,,2,academic tutor,ba degree,Married,,ba degree,White,20007,6,20007,32168
fjbvgc,Yes,$12501-$22500,23,More than $78000,Female,Married,,1,Homemaker,Doctorate,Married,,Bachelors,White,23868,13,23868,84003
fjqfdp,Yes,$12501-$22500,48,$40500-$55999,male,Single,,2,sale profession,college,Never married,,college,Black or African American,30165,2,30165,30165
fjufyn,Yes,$42501-$80000,36,More than $78000,Female,Married,,0,Consultant,HS Diploma,Married,,Bachelors,Black or African American,11413,4,11412,11413
flapjg,Yes,$42501-$80000,32,$40500-$55999,female,Married,,2,manager marketting,master degeree,Married,,80.000,White,14224,4,14225,14225
flglki,Yes,$22501-$42500,25,$25000-$40499,Female,Single,,0,IT Manager,Masters,Married,,Bachelors,Black or African American,39759,5,39759,39759
fpzstz,Yes,$42501-$80000,29,$40500-$55999,Female,Married,,2,Project Manager,Associates degree,Married,,B.E,White,70812,4,70812,70812
frwzje,Yes,$42501-$80000,26,$56000-$78000,Male,Married,,2,IT,High school,Married,,Bachelor,Black or African American,89121,4,89121,89121
fslsyy,Yes,$42501-$80000,56,$25000-$40499,Male,Married,,2,Engineer,Master's degree,Married,,Master's degree,Black or African American,76705,4,76705,76705
fulzff,Yes,$42501-$80000,71,$56000-$78000,female,Divorced,,2,retired,MS Engineering,Divorced,,BA,White,IDK,4,Europe,41011
fxxrqq,Yes,$22501-$42500,31,$25000-$40499,female,Married,,1,lpn,high school,Married,,associate,Black or African American,70586,7,70586,70570
fyukrj,Yes,More than $80000,41,More than $78000,male,Married,,1,engineer,masters,Married,,bachelor,White,07927,5,07927,07869
fzvqkg,Yes,$42501-$80000,25,$56000-$78000,Female,Single,,0,sales associate,High school diploma,Married,,High School diploma,White,21501,3,21501,21501
gcibtt,Yes,$22501-$42500,32,More than $78000,Male,Single,,0,Grounds Maintenance Worker,Bachelor's,Married,,Bachelor's,White,60176,4,60176,55420
gckgau,Yes,$42501-$80000,19,$56000-$78000,f,Single,,0,personal shopper,masters,Never married,,associate degree,Black or African American,49440,5,48423,49440
gegbqe,Yes,$42501-$80000,41,$56000-$78000,female,Married,,1,manufacturing,4 years deree,Married,,master degree,White,70791,4,70791,70791
gflmfv,Yes,$42501-$80000,67,$56000-$78000,female,Married,,0,Clerical/Administration,None,Married,,Associates Degree,White,67005,4,67005,98382
giqzdt,Yes,Less than $12500,38,$56000-$78000,female,Single,,0,admin,diploma,Never married,,bachelors,White,11706,4,11706,11706
gjcqxs,Yes,$42501-$80000,27,Don't know,Female,Married,,0,Medical Technician,Bachelor,Married,,Bachelor of Science,Black or African American,76549,4,28307,77845
glolxh,Yes,Less than $12500,39,Don't know,Male,Single,,0,,BA,Other (please specify),,BA,Black or African American,00000,1,00000,00000
gnmpev,Yes,More than $80000,55,$40500-$55999,female,Married,,0,insurance analyst,Masters,Divorced,,Bachelor's,White,97005,4,97201,61920
gqlonv,Yes,$12501-$22500,27,$40500-$55999,MALE,Single,,0,MANAGER,MASTER,Never married,,MASTER,White,91331,4,91331,91331
gqusld,Yes,$22501-$42500,34,Less than $25000,Female,Single,,0,Sales Manager,Bachelors,Divorced,,High School,White,28001,4,29571,28468
gquwbk,Yes,$42501-$80000,42,$25000-$40499,male,Single,,0,Realtor,BS,Married,,BS,Black or African American,10453,3,10453,08844
gtndmy,Yes,More than $80000,45,$56000-$78000,Male,Married,,1,Controller,Masters,Married,,Bachelors,White,15767,4,15767,15668
gtnhln,Yes,$12501-$22500,31,$25000-$40499,male,Single,,0,master blaster,highschool,Never married,,highschool,White,36618,5,36618,36618
gulupd,Yes,Less than $12500,33,Less than $25000,FEMALE,Married,,2,SELF EMPLOYED,HIGH SCHOOL GRSDUATED,Married,,HIGH SCHOOL GRADUATED,White,46490,6,46490,46490
guvxpc,Yes,More than $80000,51,$40500-$55999,Male,Married,,3,Information Technology,High School,Divorced and Remarried,,High School ,Black or African American,15025,4,15025,30809
guwznl,Yes,$12501-$22500,36,$25000-$40499,female,Married,,2,kentucky,mba,Married,,ba,Black or African American,40517,4,40517,40517
gvajcf,Yes,$42501-$80000,31,$25000-$40499,Male,Single,,1,Host,,Never married,,AA,Black or African American,92410,4,92410,92374
gxyjid,Yes,$42501-$80000,29,$40500-$55999,Female,Married,,2,Healthcare,Doctorate,Married,,Masters,Black or African American,98208,4,98208,98208
gzyjre,Yes,Less than $12500,77,Less than $25000,female,Divorced,,2,retired,some college,Divorced,,some college,Black or African American,75215,7,75215,75146
hadzmn,Yes,$42501-$80000,50,Less than $25000,female,Married,,4,Operations Specialist,Associates,Widowed,,Bachelors,Black or African American,77801,5,77801,77801
haudtb,Yes,More than $80000,44,$25000-$40499,female,Married,,1,Client Manager,Associate's degree,Divorced,,Bachelor's degree,White,98072,4,98072,94587
hbsgzy,Yes,Less than $12500,30,$40500-$55999,F,Single,,4,UNEMPLOYED,BA,Married,,BA,Black or African American,32819,5,32819,32819
hddnwm,Yes,Less than $12500,31,More than $78000,female,Single,,0,data entry,masters,Married,,bachelors,White,20854,6,20854,97202
hdhvbm,Yes,Less than $12500,60,$40500-$55999,Female,Single,,1,CSR,bachelor,Married,,some college,Black or African American,21244,14,21244,21239
hezsxd,Yes,$42501-$80000,43,$25000-$40499,male,Single,,0,Retail,10th grade,Married,,high school,White,95358,4,95358,28208
hfwkvd,Yes,$12501-$22500,29,Don't know,male,Single,,0,Writer,"High School Diploma, Some College",Divorced,,"High School Diploma, Some college",White,59601,3,59801,59801
hihory,Yes,$42501-$80000,55,$56000-$78000,Female,Single,,0,Information Systems,High School,Married,,Professional degree,Black or African American,60153,3,60153,28403
hjpfnb,Yes,$12501-$22500,37,More than $78000,female,Single,,0,Librarian Assistant ,Mother- Masters Father - J.D ,Married,,Associates ,White,84093,7,84093,84093
hkyksz,Yes,$22501-$42500,27,$56000-$78000,famale,Married,,2,Business,master,Married,,master,Black or African American,5,4,76542,76542
hlwcwz,Yes,$42501-$80000,33,$56000-$78000,female,Married,,1,Higher Education administrator,BS in Medical Technology,Married,,MA in Mathematics,White,56001,3,56001,56001
hmwwlw,Yes,$22501-$42500,28,More than $78000,woman,Single,,0,patient coordinator/clerical support,bachelor,Married,,bachelor,Black or African American,28270,7,28226,28226
hroabx,Yes,$42501-$80000,66,Less than $25000,male,Married,,4,pet care,ma,Divorced,,ba,White,10977,4,10977,01907
hscrcc,Yes,$12501-$22500,28,$25000-$40499,female,Single,,0,help desk IT,high school ,Married,,GED/high school equivallent ,White,85219,5,75052,92591
hseiel,Yes,$22501-$42500,33,$40500-$55999,Male,Single,,0,Caregiver,Bachelor's Degree,Married,,High School Diploma,White,32174,3,32174,32174
hszcix,Yes,$42501-$80000,24,$56000-$78000,male,Married,,1,Computer Analyst,Associate,Married,,Bachelor,Black or African American,20001,5,20001,20001
htdgvb,Yes,$42501-$80000,32,More than $78000,female,Married,,2,Manager,BA,Married,,BA,White,67077,4,67077,67077
htnftg,Yes,More than $80000,41,More than $78000,male,Other (please specify),Living with significant other,2,Real Estate Broker,Bachelor,Married,,Bachelor,White,70809,5,70809,70809
htxncz,Yes,$22501-$42500,30,$25000-$40499,Female,Single,,0,Educator,Master's,Divorced,,Bachelor's,Hispanic or Latino,11727,2,20060,78753
hvckmw,Yes,$12501-$22500,40,Less than $25000,male,Married,,2,iit,bchelor degree,Married,,master degree,Black or African American,55068,5,55068,55068
hybrju,Yes,$12501-$22500,33,Don't know,female,Married,,2,homemaker,masters ,Divorced,,,White,48360,7,40536,98208
iamyvk,Yes,$42501-$80000,29,$40500-$55999,Male,Single,,1,Departmental Manager,Bachelor's Degree,Married,,Bachelor's Degree,White,27511,3,27511,28411
iaoads,Yes,$42501-$80000,30,$25000-$40499,Female,Single,,1,Sales representative,Bachelor,Married,,Bachelor,Black or African American,77084,5,77084,52703
ibedrh,Yes,Less than $12500,25,$25000-$40499,female,Married,,1,Teacher,Bacholer Degree,Married,,Bacholer Degree,White,60636,3,60636,60636
ibyyer,Yes,Less than $12500,32,$25000-$40499,male,Single,,0,unemployed,Elementry School,Never married,,Elementry School,Black or African American,60651,5,60651,60651
icfhdu,Yes,$22501-$42500,50,$25000-$40499,female,Divorced,,3,customer support,high school,Married,,some college,White,10462,4,10462,32738
icogvc,Yes,$22501-$42500,46,Less than $25000,Male,Married,,2,Asst supervisor,Higher School,Married,,MA,Black or African American,61704,4,61704,61704
icovxq,Yes,$12501-$22500,28,Less than $25000,Male ,Single,,0,Lead Baker ,High school diploma,Never married,,High School diploma ,Black or African American,43205,6,43206,43211
ictkon,Yes,$42501-$80000,35,$25000-$40499,Female,Single,,0,Marketing Rep.,High School Diploma,Divorced,,BA,Black or African American,06040,3,02119,06042
idpwtf,Yes,$22501-$42500,34,More than $78000,female,Single,,0,hairstylist,associate's degree,Married,,vocational training,White,60041,6,60050,60050
ielgkm,Yes,More than $80000,42,Less than $25000,female,Married,,0,manager,HS Diploma,Married,,BA,White,10014,6,10017,10014
ihkkfw,Yes,$42501-$80000,44,More than $78000,male,Married,,4,retail manager,High School,Married,,College Degree,White,83334,7,83334,83301
iiipaj,Yes,$42501-$80000,37,$40500-$55999,male,Single,,1,retail,diploma,Never married,,bachelors,Black or African American,20716,7,20716,20716
ijutpw,Yes,$12501-$22500,53,Less than $25000,female,Widowed,,1,retired,high school,Divorced,,high school ,Black or African American,33592,3,27105,28215
ijwpwl,Yes,$12501-$22500,49,$25000-$40499,Female,Single,,1,unemployed,High School Diploma,Never married,,BS,Black or African American,20001,3,20001,13206
immutp,Yes,$22501-$42500,32,$25000-$40499,Male,Single,,0,Construction,Some college,Never married,,High School Diploma,White,08087,4,08087,23231
inrble,Yes,$22501-$42500,31,Less than $25000,Female,Single,,1,Healthcare,Degree,Divorced,,High School Diploma,Black or African American,30084,2,32542,31520
isfbio,Yes,More than $80000,57,More than $78000,Male,Other (please specify),Seperated,3,Senior Business Analyst,Masters,Married,,BA,Hispanic or Latino,10009,5,10009,94122
iuekld,Yes,$22501-$42500,56,$25000-$40499,Male,Married,,1,Finance,B.A,Married,,M.A,White,65539,3,65539,65539
iulcbx,Yes,More than $80000,41,More than $78000,male,Married,,3,chemist,bachelor's,Married,,bachelor's,White,91786,4,91786,91708
iyeyly,Yes,Less than $12500,28,Less than $25000,Male,Single,,0,Personal Assistant,Masters,Married,,Associates,Black or African American,60901,4,60901,60901
izkrfg,Yes,$42501-$80000,25,$40500-$55999,Male,Married,,1,Teacher,BA,Married,,BA,White,46231,3,46231,46231
izuebg,Yes,Less than $12500,21,Less than $25000,Female,Single,,0,Student Engagement,Master's Degree,Never married,,GED,Black or African American,28269,4,28269,28269
jampao,Yes,$12501-$22500,56,$40500-$55999,female,Married,,2,muslim,yes,Married,,60000,Black or African American,76624,6,1977,76624
jbrach,Yes,Less than $12500,27,Don't know,female,Single,,0,freelancer,parents graduated high school ,Never married,,did not graduate high school,Black or African American,12866,3,12866,12866
jbwutr,Yes,Less than $12500,51,$25000-$40499,female,Single,,0,na,diploma,Never married,,diploma,Black or African American,23803,4,23803,23803
jcmrbl,Yes,$42501-$80000,25,$40500-$55999,male,Single,,0,retail associate ,bachelor's ,Divorced,,highschool diploma,White,14624,7,14624,33624
jczprf,Yes,$42501-$80000,33,$40500-$55999,Female,Married,,1,Stay at home parent,Associates ,Married,,Graduate degree,White,78108,4,79382,77449
jekjkr,Yes,$22501-$42500,49,Less than $25000,female,Divorced,,2,secretary,high school,Divorced,,associates,White,23219,4,23219,23836
jfafyh,Yes,Less than $12500,33,More than $78000,male,Divorced,,0,gardener,Masters,Married,,Doctorate,Black or African American,19144,5,19144,02478
jfmevw,Yes,$12501-$22500,36,Less than $25000,Male,Single,,0,Construction,High school ,Never married,,High school,Black or African American,19805,8,19801,19804
jfxtji,Yes,$42501-$80000,45,More than $78000,Female,Married,,1,Homemaker ~ Student,Technical,Married,,Associates,White,14108,4,14108,14131
jgsosb,Yes,$22501-$42500,40,Less than $25000,female,Single,,4,homemaker,high school,Divorced,,less than high school,White,32935,3,62839,62839
jiemlh,Yes,$42501-$80000,47,$40500-$55999,MALE,Single,,1,TRANSPORTATION,6,Married,,12,Black or African American,20657,7,20657,20657
jitnvt,Yes,$42501-$80000,37,$40500-$55999,MALE,Married,,1,SUPERVISOR,Bachelor degree?,Married,,Bachelor degree,White,70774,5,70774,70774
jitwvn,Yes,Less than $12500,36,Less than $25000,Male,Single,,0,Unemployed,Associate ,Divorced,,BA,Black or African American,36116,5,36105,36105
jizkac,Yes,Less than $12500,26,Less than $25000,cis-woman,Single,,0,self-employed,Less than high school,Divorced,,Bachelor's,Black or African American,63109,4,63640,63601
jkctcb,Yes,$12501-$22500,35,Less than $25000,male,Single,,0,shipper,Masters,Divorced and Remarried,,Ass degree,White,02886,4,02904,66614
jkwzui,Yes,$42501-$80000,40,$56000-$78000,male,Married,,3,manufacturing,bachelors degree,Married,,bachelors degree,White,70791,4,70791,70791
jlraew,Yes,$42501-$80000,24,$56000-$78000,Male,Single,,0,Design,Bachelor's,Divorced,,High School Diploma,White,47581,5,96823,47546
jlvvos,Yes,More than $80000,49,$25000-$40499,female,Married,,2,homemaker,high school diploma,Divorced and Remarried,,associates,White,28012,4,28779,30121
jmovmv,Yes,$42501-$80000,35,Don't know,Male,Single,,0,Homemaker,Masters,Married,,,Black or African American,09824,5,46901,85043
johmjz,Yes,$22501-$42500,39,$40500-$55999,male,Married,,0,General manager of a bank,masters degree,Married,,Masters degree,Asian,93512,5,93512,93512
joqxhd,Yes,$22501-$42500,34,More than $78000,Female,Married,,2,Teacher,Bachelors,Married,,Bachelors,White,32081,4,32081,32081
jqtmgr,Yes,Less than $12500,36,Less than $25000,male,Single,,0,none,GED,Never married,,Associates,White,42649,5,42503,42649
jtfgjz,Yes,$42501-$80000,38,$25000-$40499,Male,Married,,2,IT,BA,Never married,,BA,Black or African American,78664,2,78664,73159
jtvovl,Yes,$22501-$42500,32,$40500-$55999,Female,Married,,3,Content Creation,Bachelor's Degree,Married,, High School Diploma and Some College,Black or African American,27713,5,27713,32301
jvkuwt,Yes,$22501-$42500,34,More than $78000,male,Single,,0,analyst,Bachelors,Married,,Masters,White,20166,3,20166,21224
jwttkf,Yes,Less than $12500,61,$25000-$40499,Female,Divorced,,3,Tech Support,High School,Never married,,College ,Black or African American,38127,9,38127,38127
jxrmgs,Yes,$42501-$80000,28,$25000-$40499,Male,Single,,0,IT,Bachelor,Never married,,Bachelor,Hispanic or Latino,79910,5,79910,85205
jylmcz,Yes,$12501-$22500,29,$25000-$40499,Female,Married,,2,Project Manager,Undergraduate,Married,,B.E,White,70812,5,70812,70812
kcoapk,Yes,$22501-$42500,33,$25000-$40499,Male,Divorced,,0,Salesman,College,Married,,AA,White,10030,3,10030,10030
kelsop,Yes,$42501-$80000,64,Don't know,Female,Married,,2,Retired,High School or less,Married,,Some College,Black or African American,32670,10,32670,33614
keuebd,Yes,Less than $12500,20,Less than $25000,Female,Single,,0,Student,Bachelor's degree,Never married,,Some college,Black or African American,35206,5,35205,35215
kfgfyf,Yes,$22501-$42500,23,More than $78000,Male,Single,,0,IT Specialist,Bachelor's Degree,Married,,High School Diploma,White,48170,5,48170,48170
kfmihd,Yes,$12501-$22500,23,$56000-$78000,female,Single,,0,Tester,AA,Never married,,AA,White,43040,3,43040,43000
kfyuvh,Yes,Less than $12500,19,$40500-$55999,male,Single,,0,construction/sudent,bachelors,Married,,high school diploma,Black or African American,44685,5,44685,44685
kgpjen,Yes,$22501-$42500,55,$25000-$40499,Female,Married,,4,Manager,Masters Degree,Married,,Bachelor Degree,Black or African American,55106,6,55106,98188
khpwwg,Yes,$22501-$42500,60,$25000-$40499,female,Married,,0,Social worker,BA,Married,,BA,White,10012,5,10012,11210
kinsis,Yes,$12501-$22500,48,Less than $25000,Female,Single,,1,Social Media Evaluator,High School,Never married,,Bachelors,Black or African American,77550,2,77340,77340
kkaant,Yes,$22501-$42500,41,$56000-$78000,male,Married,,2,Management,Diploma,Married,,Bachelor Degree,Black or African American,90202,5,90202,90202
kkaiak,Yes,$42501-$80000,33,$40500-$55999,Female,Married,,2,Salesman,Bacholer,Married,,Master ,Black or African American,46804,5,46804,46804
kkdwll,Yes,Less than $12500,51,Less than $25000,Male,Single,,0,Part-time work Amazon Mechanical Turk,"Neither of my parents finished high school. I think my dad did not go to high school at all. Even though my mom did not finish high school she took some, I think, college courses at a BIBLE School. I do not think she completed this college education.",Married,,GED,White,08540,5,04614,08542
klhcpt,Yes,$42501-$80000,39,$25000-$40499,female,Single,,0,Executive Administrative Assistant,High School Diploma,Married,,Bachelor's degree,Black or African American,91768,5,91768,92335
kolnzj,Yes,$22501-$42500,39,$25000-$40499,male,Single,,0,Server Admin,High School,Never married,,High School,Black or African American,14605,3,14605,14621
kqubod,Yes,$42501-$80000,46,More than $78000,female,Married,,4,marketing,BA,Married,,BA,White,93940,4,45327,45327
kquedi,Yes,Less than $12500,31,$25000-$40499,Female,Married,,2,Homemaker,Highschool Deploma,Divorced,,Bachelors Degree,White,82935,7,82935,55434
kriixj,Yes,$22501-$42500,55,$56000-$78000,Female,Single,,1,Clerical,Diploma,Married,,BA,Black or African American,15301,6,15301,15301
ksattc,Yes,$42501-$80000,27,More than $78000,Male,Married,,2,Design Engineer,Some College,Married,,Bachelor's,Hispanic or Latino,77356,4,77002,77354
ksprgd,Yes,Less than $12500,43,Less than $25000,Female,Single,,0,Unemployed,Bachelor's Degree,Never married,,Bachelor's Degree,Black or African American,29436,1,29436,29436
kuuvst,Yes,$22501-$42500,49,$25000-$40499,female,Divorced,,1,online seller,high school ,Married,,high school ,White,07306,4,11102,07307
kviroj,Yes,$42501-$80000,36,$56000-$78000,Male,Single,,0,Technical Supprt Manager,High School,Married,,High School,White,90713,5,90680,76063
kyejec,Yes,$42501-$80000,40,More than $78000,Male,Single,,0,System Admin,Master's Degree,Divorced,,Bachelor's Degree,Black or African American,20770,4,20770,20770
kyilba,Yes,$22501-$42500,26,$56000-$78000,female,Single,,0,Cook,Associate's,Never married,,Associate's,Black or African American,76549,5,66849,76541
kyplas,Yes,$12501-$22500,44,$25000-$40499,male,Single,,0,Freelance Contractor,High School,Married,,GED,White,43283,3,45879,45879
kywzbb,Yes,$22501-$42500,35,$25000-$40499,female,Married,,2,manager,master,Married,,master,Black or African American,63138,5,63138,63138
kzbfrf,Yes,$42501-$80000,29,$56000-$78000,Male,Single,,0,Yard Jockey,High School,Never married,,High School,Black or African American,21207,8,21207,21207
lahnku,Yes,More than $80000,42,More than $78000,Female,Divorced,,4,Educator,Masters,Married,,Masters,Black or African American,08045,4,19148,19131
lblktv,Yes,More than $80000,37,$25000-$40499,female,Married,,2,nurse,MD,Divorced,,BSN,White,43055,4,43055,43113
lbrazs,Yes,$22501-$42500,25,$40500-$55999,MALE,Married,,1,Software developer,Bachlor Degree,Married,,Master Degree ,White,07050,3,07050,07050
ldfzns,Yes,$42501-$80000,31,$40500-$55999,Male,Married,,1,IT,Bachelor's,Married,,Bachelor's ,Black or African American,23666,13,23666,23666
lefhjr,Yes,$42501-$80000,51,$25000-$40499,Woman,Single,,1,Adjunct Faculty/Tutor,high school,Never married,,Bachelor's degree,Black or African American,20036,2,20032,20764
likfcf,Yes,More than $80000,41,$56000-$78000,male,Married,,2,manager,high school,Married,,GED,White,11757,4,11757,11757
linucm,Yes,Less than $12500,35,$25000-$40499,Female,Divorced,,2,Full time student,High school,Never married,,Associate's Degree,Black or African American,60901,6,76543,60901
ljlkwb,Yes,Less than $12500,59,$25000-$40499,male,Divorced,,3,tax preparer,Bacheler of Arts ,Married,,some college; High School diploma,Black or African American,32209,4,32209,32209
lkazjv,Yes,$22501-$42500,34,More than $78000,female,Single,,0,Journalist,Bachelors,Married,,Bachelors,Black or African American,11743,4,11743,28269
llthtw,Yes,$22501-$42500,42,$25000-$40499,male,Single,,0,laborer,BA,Married,,high school,White,33576,4,33576,33576
lnqjif,Yes,$42501-$80000,33,More than $78000,Female,Married,,1,Research associate,DDS,Married,,MA,White,23112,4,23225,23139
lnvtrm,Yes,$22501-$42500,31,$25000-$40499,Female,Single,,1,Office Admin,High School Diploma,Never married,,Bachelors Degree,White,49508,4,01020,49508
loffhd,Yes,Less than $12500,55,Less than $25000,female,Married,,1,self employed,,Married,,some collage,Black or African American,35211,6,35211,35211
lonxri,Yes,$22501-$42500,30,$25000-$40499,Male,Married,,2,Chef,Associate Degree,Married,,Bachelor's Degree,Black or African American,55573,5,55573,55573
lugamy,Yes,$42501-$80000,33,$56000-$78000,Female,Married,,2,MANAGER,12,Married,,16,White,70460,4,70460,70460
luoxjz,Yes,$22501-$42500,34,$25000-$40499,female,Married,,0,nurse,high school,Married,,bachelors,White,12204,3,12182,12047
lxuydf,Yes,$22501-$42500,21,$25000-$40499,Male,Single,,0,Student,GED,Never married,,High school diploma,Black or African American,30314,"1 parent, 2 siblings",30314,30288
lypsdr,Yes,$22501-$42500,25,$40500-$55999,FEMALE,Married,,1,SUPERVISOR,B.SC,Married,,M.B.A.,Black or African American,93535,4,93535,93535
lyugoo,Yes,$42501-$80000,49,$25000-$40499,male,Married,,0,forestry manager,high school,Married,,B.A.,White,70433,5,70119,70726
maffaz,Yes,$12501-$22500,33,More than $78000,Female,Single,,1,Teacher,Masters Degree,Married,,Associates,Black or African American,29044,7,29220,29044
makjkx,Yes,Less than $12500,22,Less than $25000,male,Single,,0,unemployment,Parents,Never married,,High school,Black or African American,63801,3,63801,63801
maseso,Yes,$22501-$42500,37,$25000-$40499,Male,Single,,0,Transcriber,Some College,Married,,High School,Black or African American,10001,4,10001,72209
mcvpja,Yes,$22501-$42500,41,$25000-$40499,Male,Single,,0,Quality Assurance Analyst,High School Diploma,Married,,High School Diploma,White,75020,5,75020,75020
mdrxzl,Yes,More than $80000,27,More than $78000,Male,Single,,0,Corrections,Bachelor,Married,,Bachelors,Black or African American,14514,5,14514,14467
mdxllw,Yes,$22501-$42500,70,$40500-$55999,male,Married,,2,food server,bachelors,Married,,high school,Hispanic or Latino,06913,4,06913,89002
mewgwy,Yes,$42501-$80000,34,More than $78000,Male,Single,,0,Aircraft Mechanic,High School,Married,,High School,White,12065,5,12065,12065
mfyzma,Yes,$22501-$42500,58,$56000-$78000,male,Single,,0,graphic designer,High School ,Married,,Bachelor of Arts,Black or African American,23513,6,23513,23513
mgyuer,Yes,$42501-$80000,33,$25000-$40499,male,Married,,0,teacher,graduated from a Universty,Married,,master degree,White,14850,6,14850,14850
mhydqe,Yes,Less than $12500,22,$56000-$78000,female,Married,,1,Employee,no,Married,,master degree,Black or African American,35903,4,35903,35903
mibmyy,Yes,$12501-$22500,51,$25000-$40499,male,Married,,1,Courier (Hotshot driver),HS Diploma (some college),Married,,Bachelor of Science,Black or African American,77088,3,70501,77047
miqzkw,Yes,$42501-$80000,28,$25000-$40499,woman,Married,,1,Warehouse Lead,PHD,Married,,High School,Hispanic or Latino,89030,5,89115,89110
mkaznv,Yes,$22501-$42500,34,$25000-$40499,female,Married,,1,INFORMATION IT,3 YEARS,Married,,4 YEARS,White,70814,4,70814,70814
mmnajf,Yes,$42501-$80000,39,$56000-$78000,Female,Married,,2,IT,Batchelor degree,Married,,Master degree ,White,70706,4,70706,70706
mntfas,Yes,$42501-$80000,30,$40500-$55999,male,Married,,2,manufacturing,High school diploma,Married,,High school diploma,White,41005,5,41005,41005
mobeqv,Yes,$42501-$80000,32,$40500-$55999,male,Single,,0,Engineer,Some college,Married,,Undergraduate degree,Black or African American,11207,4,11207,11207
moufxk,Yes,$22501-$42500,41,$40500-$55999,female,Divorced,,2,office assistant,highschool diploma,Married,,highschool diploma,Black or African American,11111,4,11111,11111
msrsyj,Yes,$22501-$42500,32,$25000-$40499,female,Married,,1,Computer Technician,PhD in Political Science,Married,,Bachelors of Science Degree,White,78745,3,78745,73632
mswxqu,Yes,$22501-$42500,30,$25000-$40499,Male,Single,,1,Support,AA,Never married,,AA,White,99212,6,99212,99212
msyahr,Yes,$12501-$22500,67,Less than $25000,male,Divorced,,2,retired customer service representative,Bachelors degree,Divorced,,"High School grad, some college",White,47304,14,47394,47394
mwjhrs,Yes,Less than $12500,40,Less than $25000,female,Single,,2,Unemployed,IDK,Never married,,Bachelor's,Black or African American,10035,3,Guyana,11368
mwwquu,Yes,$22501-$42500,69,$25000-$40499,female,Divorced,,1,Marketer,HIgh School Dipolma,Married,,Bachelor's,Black or African American,30331,5,30311,30311
mxoclm,Yes,$42501-$80000,36,Don't know,Female,Single,,0,Military Records Researcher,Bachelor's,Divorced and Remarried,,PhD,Black or African American,29223,3,20019,29150
mxpeni,Yes,Less than $12500,36,$25000-$40499,female,Single,,0,childcare provider,associate degree,Married,,associate degree,Black or African American,64128,3,64128,64063
mycpgb,Yes,Less than $12500,20,$25000-$40499,female,Single,,none,artist,bachelors degree and high school diploma,Divorced,,high school diploma,Black or African American,19023,17,19023,19023
mynwqp,Yes,$22501-$42500,31,$25000-$40499,female,Divorced,,2,,,Never married,,Master's Degree,Black or African American,38930,7,38930,27006
nbqago,Yes,$12501-$22500,34,$25000-$40499,male,Single,,0,Tutor,GED,Never married,,Bachelors,White,62703,4,62703,62703
ndwzox,Yes,$42501-$80000,51,$56000-$78000,FEMALE,Single,,1,FRAUD INVESTIGATION,DIPLOMA,Never married,,DIPLOMA,Black or African American,23225,6,23223,23224
nepdeg,Yes,$42501-$80000,33,More than $78000,male,Married,,0,Sales Manager,Bachelors Degree,Married,,High School Diploma,Black or African American,27616,5,10026,94804
nfcatx,Yes,Less than $12500,44,Don't know,female,Divorced,,0,Landscaping ,Military ,Married,,high school graduate ,White,26508,4,26508,26508
ngclzt,Yes,Less than $12500,24,Less than $25000,Male,Single,,0,Audio Producer,Associate ,Never married,,Bachelor of Science,Black or African American,06478,3,06478,06478
ngcszp,Yes,$42501-$80000,38,$56000-$78000,Male,Married,,0,Photographer,Bachelor Degree,Never married,,Bachelor Degree,Black or African American,70113,4,70113,70113
nhgwna,Yes,$42501-$80000,45,$40500-$55999,Male,Married,,3,Bio Med Techicinian ,Nursing Degree ,Married,,Technicial Certifiicate ,White,92553,5,92553,97322
niyioz,Yes,$42501-$80000,54,$56000-$78000,female,Single,,0,Customer Service Agent,Associates,Never married,,Associates,Black or African American,95132,4,95132,95148
nkhnga,Yes,Less than $12500,54,Don't know,Female,Married,,3,Virtual Assistant,Masters,Married,,Bachelors,Black or African American,44507,4,44507,60620
nmrdzl,Yes,$22501-$42500,57,$25000-$40499,female,Single,,4,Virtual Assistant,BA,Married,,AA,Black or African American,85719,5,85719,98198
nnjyvf,Yes,$42501-$80000,51,$40500-$55999,female,Single,,0,Analyst,Bachelor's,Married,,Bachelor's,White,90706,4,90706,92026
noabzv,Yes,$42501-$80000,34,Don't know,male,Single,,0,Mobile Developer,Master's Degree,Married,,Bachelor's Degree,Black or African American,07675,7,07601,07094
npeuya,Yes,$22501-$42500,38,Don't know,female,Single,,0,banking,some graduate school,Married,,bachelors,White,20110,5,20110,20110
npqwtf,Yes,$22501-$42500,36,$56000-$78000,Male,Single,,0,Admin,Bachelors,Never married,,Associates,Black or African American,20723,5,20723,21044
nprlrq,Yes,$42501-$80000,32,$56000-$78000,male,Married,,2,Manager,BA,Married,,BA,White,77078,4,77078,77078
ntirsa,Yes,$42501-$80000,29,$40500-$55999,female,Married,,2,assistant accountant,diploma,Married,,bachelors,Black or African American,10013,6,10118,10013
nvadex,Yes,$42501-$80000,31,Don't know,Male,Married,,0,Director of Marketing,High School,Married,,Masters,White,16428,6,16501,16506
nxffsu,Yes,Less than $12500,22,$56000-$78000,female,Single,,0,unemployed,associate's degree,Married,,high school diploma,Black or African American,60153,5,60153,60153
nyydpn,Yes,$42501-$80000,28,$56000-$78000,female,Married,,2,supervisor,high school,Married,,master degree,Black or African American,76642,4,76642,76642
obqagw,Yes,$42501-$80000,32,$25000-$40499,Female,Married,,2,Project Manager,Associates degree,Married,,Bacherlos degree,White,70812,4,70812,70812
obzklw,Yes,$12501-$22500,34,$25000-$40499,female,Single,,2,fulltime,Technical college,Never married,,some college,Black or African American,30032,7,30312,33417
ocnfbh,Yes,$42501-$80000,31,$56000-$78000,female,Married,,1,Data Analyst,Bachelors ,Married,,Masters,White,10118,4,10118,10118
ocsmcv,Yes,$12501-$22500,51,Less than $25000,female,Married,,0,retail department manager,High School,Divorced,,High School,White,59070,4,59068,59070
odxdmz,Yes,$42501-$80000,54,More than $78000,female,Divorced,,1,Leasing Specialist,Bachelor's,Married,,Bachelor's,White,54901,5,54901,98903
oeenuw,Yes,$22501-$42500,38,$25000-$40499,Male,Single,,0,Dairy Manager,Masters,Never married,,Some college,White,98053,7,98053,75034
oeodxg,Yes,$22501-$42500,39,Less than $25000,male,Married,,1,senior  manager,bachelor's,Married,,master's,White,17603,3,17603,17603
oepruf,Yes,More than $80000,33,$56000-$78000,female,Married,,3,Sales,Associates,Divorced,,BA,White,60805,4,60443,41094
ofduuo,Yes,$12501-$22500,64,$25000-$40499,female,Single,,0,writing and editing independent contractor,associate degree,Married,,bachelor of science,White,53032,3,53916,54302
ogbinc,Yes,$42501-$80000,56,More than $78000,male,Divorced,,1,Distribution Supervisor,Bachelor,Divorced,,Associate,White,19341,two parents and myslef.,30307,34436
ogpkbb,Yes,$12501-$22500,68,Less than $25000,female,Married,,1,optician,high school diploma,Married,,some college,White,77242,4,77242,77042
ohjjbc,Yes,$42501-$80000,44,$40500-$55999,Male,Married,,1,Manufacturing. (IT Manager),High School,Married,,Associates,White,98201,5,98201,98032
ohtdsa,Yes,$12501-$22500,43,$25000-$40499,female,Married,,3,remote customer service represetative,high school diploma,Divorced,,Associates,White,70601,4,70601,48126
oicuqj,Yes,More than $80000,33,$40500-$55999,male,Single,,0,farmer,none,Married,,masters,White,68752,4,68752,68752
okcdcz,Yes,$42501-$80000,58,Less than $25000,Female,Divorced,,2,Project Manager,high school,Married,,AS,White,46140,4,46140,46140
omvped,Yes,More than $80000,33,$56000-$78000,Male,Married,,1,Administrative Manager,Bachelor's  Degree ,Divorced,,Bachelor's  Degree ,White,60618,3,60618,60185
ooobck,Yes,$42501-$80000,47,$25000-$40499,Female,Married,,2,Creator/Ecommerce Business Owner,College Certificate,Never married,,Associates,White,81052,5,81052,81073
oqcpcn,Yes,$42501-$80000,35,$25000-$40499,Female,Single,,0,Sleep Technician,High School,Divorced,,Associate,White,48461,"2 Parents, 2 step parents, 4 siblings ",48461,48439
oszidz,Yes,$22501-$42500,47,$25000-$40499,female,Divorced,,3,cashier,masters,Married,,bsn,White,43512,5,43512,75072
otlshe,Yes,$22501-$42500,49,$25000-$40499,Female,Married,,5,Hospitality,High School,Never married,,High School,Black or African American,28435,3,28425,28457
oucemv,Yes,$12501-$22500,37,$25000-$40499,nonbinary,Single,,0,analyst,Master's,Divorced,,bachelor's,White,64772,6,64772,65806
owhwro,Yes,$12501-$22500,37,Less than $25000,female,Married,,1,housewife,highschool ,Divorced and Remarried,,highschool,White,18704,3,18704,18636
owlofw,Yes,More than $80000,29,$40500-$55999,Female,Married,,0,Engineer,high school ,Married,,Bachelors ,Black or African American,19802,6,19802,19720
owxsre,Yes,More than $80000,65,More than $78000,Female,Married,,2,Engineering,MA,Married,,MA,White,70737,4,70737,70737
ozzgqo,Yes,$42501-$80000,31,$25000-$40499,F,Married,,0,Vehicle Inventory Specialist ,BA,Never married,,BA,Black or African American,17404,2,98661,98661
pakcvu,Yes,$42501-$80000,26,$56000-$78000,Female,Other (please specify),In a relationship,0,Quality Auditor,High School,Never married,,Bachelors,Black or African American,62522,3,62521,62526
pbjdft,Yes,$12501-$22500,26,$40500-$55999,male,Married,,2,Waiter,bachelors,Married,,associates degree,Black or African American,11207,6,11207,10010
pcbfxq,Yes,$22501-$42500,33,$40500-$55999,Female,Single,,0,Student,BA,Married,,Some college,White,20165,4,20165,99664
pcblkt,Yes,$42501-$80000,28,$40500-$55999,female,Single,,0,crew leader,high school diploma,Never married,,certificate,Black or African American,07107,4,07107,07107
pcpzeu,Yes,More than $80000,45,More than $78000,male,Married,,2,executive chef,none,Married,,associate,Black or African American,45418,8,44118,44118
pdgtew,Yes,More than $80000,69,More than $78000,male,Married,,1,marketing,Parents,Married,,master,White,60601,3,60601,60601
pdihhd,Yes,$42501-$80000,56,$56000-$78000,Female,Married,,0,Agriculture/Forestry/Fishery,MD,Married,,Associates degree,White,97128,4,97128,99114
pegiud,Yes,$42501-$80000,28,$40500-$55999,Female,Married,,0,Marketing Manager,Master Degree,Married,,Master Degree,White,95621,2,95621,95621
pfknyq,Yes,$42501-$80000,28,$25000-$40499,male,Married,,1,Engineer,high school,Married,,College,Black or African American,30101,4,30101,30101
pftskn,Yes,$42501-$80000,38,More than $78000,Female,Single,,2,Teacher,High School,Married,,Doctorate,Black or African American,44121,7,44121,44118
pgrwgl,Yes,Less than $12500,24,Don't know,female,Single,,2,student,high scool diploma,Married,,GED,Black or African American,77067,4,92401,77802
plnrbp,Yes,$12501-$22500,36,$25000-$40499,nonbinary,Single,,1,Unemployed,some college,Never married,,some college,Black or African American,60653,2,60653,60609
plpxvv,Yes,Less than $12500,37,$56000-$78000,female,Single,,0,unemployed/freelancer,college degree,Married,,college degree,Black or African American,94112,4,94705,94112
prvulq,Yes,Less than $12500,71,Less than $25000,male,Divorced,,0,retired,high school,Other (please specify),father deceased,Technical Certificate,Black or African American,42240,4,42240,67216
psemtl,Yes,$22501-$42500,36,Don't know,female,Single,,3,,high school,Never married,,high school,Black or African American,48197,3,48197,48197
pucoim,Yes,Less than $12500,57,Less than $25000,Male,Divorced,,0,Freelance Web Developer,Associates Degree (A.S.),Married,,Associates Degree (A.S.),White,32958,5,06824,30116
pzjeej,Yes,$42501-$80000,21,$56000-$78000,Male,Single,,0,Cashier,Bachelor's Degree,Never married,,High School Degree,Black or African American,60452,1,60452,60452
qbbvip,Yes,$22501-$42500,54,Less than $25000,Female,Widowed,,0,Retired,Associate degree,Married,,High school diploma,Black or African American,70125,8,I do not know,37076
qdxyab,Yes,$42501-$80000,33,Don't know,Male,Single,,0,Customer Service Representative,Bachelor's Degree,Married,,Bachelor's Degree,White,60505,6,60505,61704
qdyaul,Yes,$12501-$22500,21,$25000-$40499,Man,Widowed,,1,Education,,Never married,,BA,Black or African American,90043,5,90043,90043
qhmimn,Yes,More than $80000,53,$56000-$78000,Female,Married,,3,School Administrator,Master's Degree,Married,,Master's Degree,White,92064,4,92064,92128
qhujuc,Yes,$42501-$80000,40,More than $78000,Female,Single,,2,Manager,Bachelor's,Married,,Bachelor's,Black or African American,91766,4,30303,20001
qiinwq,Yes,$42501-$80000,42,$56000-$78000,female,Married,,2,manager,BBA,Married,,MBA,White,75215,4,75215,75215
qjflyu,Yes,$42501-$80000,28,$56000-$78000,Female,Single,,0,Contract Analyst,None,Married,,Masters,Hispanic or Latino,33809,5,11717,33812
qjscpi,Yes,$42501-$80000,44,Less than $25000,Female,Married,,2,Insurance Sales Agent,Masters,Married,,Bachelors,Black or African American,78245,3,78229,78264
qjzlxm,Yes,$22501-$42500,47,$56000-$78000,Female,Married,,2,Lunch Aid,high school,Divorced and Remarried,,1 year of college,White,02333,9,02333,02302
qkvekf,Yes,$12501-$22500,44,Less than $25000,female,Single,,0,Administrative Assistant,Associates Degree,Married,,Bachelor of Arts,Black or African American,30901,3,30901,30901
qkzsvn,Yes,Less than $12500,43,Don't know,female,Married,,2,,diploma,Other (please specify),other,diploma,Black or African American,00000,5,00000,00000
qmvsrn,Yes,$12501-$22500,43,$25000-$40499,male,Single,,0,cook,high school diploma,Married,,high school diploma,White,02838,4,02895,02864
qnctim,Yes,$42501-$80000,42,$25000-$40499,female,Married,,1,data entry clerk,nursing degree,Married,,associates degree,White,77630,4,77630,77630
qpplfr,Yes,Less than $12500,32,$25000-$40499,Male,Single,,0,Unemployed,high school diploma,Married,,high school diploma,White,15210,4,15210,16342
qrngsd,Yes,$22501-$42500,56,$56000-$78000,man,Divorced,,1,content admin,PhD,Divorced,,BA,White,37075,5,37075,37022
qryglz,Yes,$42501-$80000,31,$40500-$55999,female,Married,,0,management officer,bachelors,Married,,masters degree,White,36532,4,36532,36532
qsdrzl,Yes,Less than $12500,55,Less than $25000,Female,Married,,1,Disabled,Bachlors ,Married,,High School Diploma,White,90723,3,1968,37042
qtsgfe,Yes,$42501-$80000,33,$40500-$55999,female,Married,,1,superviser,high schoole,Married,,master degree,Black or African American,76502,4,76502,76502
qtuhkn,Yes,Less than $12500,22,$56000-$78000,woman,Other (please specify),Never married,0,Nothing,High school,Married,,High school,Black or African American,19131,4,19131,19131
qubrsp,Yes,$22501-$42500,38,$56000-$78000,male,Single,,0,debt collector,high school diploma,Divorced,,high school diploma,White,14210,4,77396,14220
quwdop,Yes,More than $80000,55,$56000-$78000,male,Divorced,,0,managerial,Masters,Married,,doctoral,White,19475,6,19475,19805
qvgwrd,Yes,Less than $12500,20,Don't know,Male,Single,,0,Warehouse Worker,Associates,Married,,High School Diploma,Black or African American,66442,4,20910,27520
qwagcb,Yes,$22501-$42500,50,$25000-$40499,male,Single,,0,Blackjack Dealer,B.A.,Never married,,"B.A,",White,14224,5,14224,14224
qxnykz,Yes,More than $80000,32,$56000-$78000,Male,Single,,0,Senior Security Specialist,High School,Married,,Masters ,White,06053,3,06053,06053
rbjbdd,Yes,$12501-$22500,45,Less than $25000,Female,Married,,2,Employee,high school,Married,,4 years degree,Black or African American,20321,4,20321,20321
rbzwbb,Yes,$12501-$22500,33,$25000-$40499,Male,Single,,0,Unemployed,Some college,Other (please specify),Separated,Associate's Degree,Black or African American,94614,3,94609,94612
rfamlp,Yes,Less than $12500,22,$56000-$78000,Male,Single,,0,Freelance Worker,High School Degree,Never married,,High School Diploma,Black or African American,33065,3,33065,33065
rhsefk,Yes,$22501-$42500,37,$56000-$78000,female,Married,,2,marketing,Master degeree,Married,,Master degeree,Black or African American,76542,50000,76542,76542
rmegzg,Yes,$22501-$42500,29,$56000-$78000,Male,Single,,0,Forkilft operator,Bachelors Degree,Married,,High School Diploma,Black or African American,90807,4,90807,90221
rmtmeq,Yes,$12501-$22500,36,Less than $25000,male,Single,,0,caretaker,,Divorced,,masters degree,White,I have no idea,4,I have no idea,93727
rnlwar,Yes,More than $80000,37,$25000-$40499,Male,Married,,2,School Instructor,Associate Bachelor,Married,,Bachelor of Arts,Black or African American,10013,4,10013,10013
rnoqzr,Yes,$42501-$80000,29,$40500-$55999,female,Single,,0,admin assistant,bachelors,Never married,,bachelors,Black or African American,75134,5,75134,75248
roixry,Yes,More than $80000,32,More than $78000,Male,Married,,3,Financial Manager,Masters,Married,,Bachelors,White,80129,4,80126,80129
rpmuqf,Yes,$12501-$22500,33,Less than $25000,Male,Single,,0,tax preparer,bachleors,Never married,,masters,Black or African American,no idea,2,no idea,85225
rsjkpu,Yes,$22501-$42500,40,$25000-$40499,male,Married,,2,Manager,12,Married,,16,White,34120,3,34120,34120
rsrysh,Yes,$42501-$80000,36,Don't know,Female,Single,,0,Sales Account Manager ,Masters,Divorced and Remarried,,Associates,Black or African American,60629,3,60629,60621
rsxlho,Yes,$42501-$80000,40,$40500-$55999,Female,Married,,1,Manufacturing,14,Married,,14,White,27801,3,27801,27801
rszomf,Yes,$22501-$42500,68,Less than $25000,Male,Divorced,,2,retired,high school,Married,,AS,White,46140,4,46140,46229
rtzvxp,Yes,$12501-$22500,29,$40500-$55999,Male,Other (please specify),Living with partner / Engaged,0,Wholesale trader,College graduate,Married,,High School Graduate,White,82637,6,82601,31643
rxpdrq,Yes,Less than $12500,51,$25000-$40499,female,Married,,1,self employed virtual assistant,high school incomplete,Married,,high school diploma,White,06902,5,06902,06021
rxvxto,Yes,$22501-$42500,30,$25000-$40499,Male,Single,,0,freelance,same,Never married,,high school diploma,Black or African American,30238,3,30238,30238
ryexlc,Yes,More than $80000,46,Don't know,female,Single,,2,IT Administrator,HIGH SCHOOL,Married,,BA,Black or African American,44511,4,44511,77493
rzflcc,Yes,$42501-$80000,46,$40500-$55999,Female,Widowed,,2,Administrative Assistant,Bachelor,Widowed,,Diploma,Hispanic or Latino,87123,3,87123,87111
rzlkmm,Yes,$42501-$80000,43,$40500-$55999,female,Single,,0,Nurse,associates,Married,,associates ,Black or African American,30349,4,30349,30349
rznepb,Yes,Less than $12500,43,$40500-$55999,female,Single,,0,self-employed,associate (Two-year),Married,,Bachelor,White,98801,4,98801,98133
segrpe,Yes,$22501-$42500,44,$40500-$55999,Male,Single,,0,graphic designer,High School Diploma,Divorced,,Bachelor's,Black or African American,35802,2,35802,35802
sewiqg,Yes,$12501-$22500,76,$56000-$78000,male,Single,,0,unemployed,Master Degree,Married,,Bachelor of Science,Black or African American,48235,7,48235,02474
sgmacf,Yes,$42501-$80000,34,More than $78000,Male,Married,,0,Chemist,Associate,Married,,Bachelor's,Black or African American,30078,"2 parents, 1 sister, and 2 brothers",30308,30032
shhcrh,Yes,$22501-$42500,27,$25000-$40499,Male,Single,,0,Sales Employee,High School,Divorced,,High School,White,31405,3,31405,31405
skocmv,Yes,$22501-$42500,40,Less than $25000,Female,Married,,2,Administrative Assistant,less than high school,Married,,Some college,Black or African American,39842,4,39842,39842
sngzip,Yes,$42501-$80000,43,$40500-$55999,male,Married,,1,supervisor,master degree,Married,,master degree,Black or African American,70806,5,70806,70806
sotxxw,Yes,$22501-$42500,28,More than $78000,Female,Married,,5,Freelancer,4 year,Married,,4 year,White,Unknown,6,Unknown,28752
sozgfj,Yes,Less than $12500,29,$25000-$40499,Female,Single,,0,Warehouse Associate,,Married,,Bachelor's Degree,Black or African American,28205,5,28208,28208
spuhxl,Yes,$42501-$80000,38,More than $78000,male,Single,,0,Social Media Manager,Bachelor's,Married,,Bachelor's,White,85045,4,28105,99217
srenqc,Yes,$42501-$80000,50,$25000-$40499,Male,Married,,1,Customer Expereince Manager,High School Diploma,Married,,High School Diploma,Black or African American,20020,4,20020,89014
sseaxv,Yes,More than $80000,44,More than $78000,female,Married,,2,lead expediter,bachelor,Married,,bachelor,White,48178,4,48154,80538
ssmtvu,Yes,$42501-$80000,60,$25000-$40499,female,Divorced,,3,sales manager,12,Married,,16,White,85023,3,85023,85381
sszvjv,Yes,$42501-$80000,36,$40500-$55999,Male,Single,,0,USA,bachelor ,Divorced,,Associate,White,03045,1,03045,03045
stdajy,Yes,$12501-$22500,55,$40500-$55999,woman,Single,,0,artisan,"PhD, BS",Married,,AB,White,14532,8,14532,14532
stotbt,Yes,More than $80000,40,More than $78000,Male,Married,,2,Manufacture ,Master ,Married,,Master ,White,70592,4,70592,70592
suxohb,Yes,More than $80000,45,$56000-$78000,Female,Married,,3,Software Engineer,High School,Divorced and Remarried,,Master's,White,36580,5,36532,36535
svgyhi,Yes,Less than $12500,35,Less than $25000,male,Single,,0,web developer,hs diploma,Divorced,,hs diploma,White,33040,2,29401,33525
tbbwla,Yes,$12501-$22500,54,$25000-$40499,Male,Married,,2,Employee,some high school,Married,,Bachlor Degree,Black or African American,33810,4,33810,33810
tgjlqy,Yes,$42501-$80000,56,$56000-$78000,Female,Married,,2,Marketing business,Master's,Married,,Master's,White,49442,4,49442,49442
tgqilm,Yes,More than $80000,57,Less than $25000,female,Married,,2,content creator,bachelors,Divorced,,bachelors,Black or African American,21012,4,21012,21012
tgywtk,Yes,$42501-$80000,27,$40500-$55999,Male,Single,,1,Insurance,Masters,Never married,,Bachelors ,White,29063,5,29063,29063
thucbw,Yes,$22501-$42500,63,$25000-$40499,female,Married,,2,wz,master degree,Married,,155,White,10,5,20037,20037
tiivhu,Yes,$22501-$42500,50,$40500-$55999,Male,Married,,1,IT,Bachelor,Married,,Bachelor,White,70341,3,70341,70341
tjuzaw,Yes,$22501-$42500,44,$25000-$40499,male,Single,,0,retail,high school,Married,,high school,White,77586,5,77586,77590
tjzafx,Yes,$22501-$42500,39,$40500-$55999,Female,Single,,1,Software Company Founder,Bachelor's Degree,Married,,"Some college, no degree",Black or African American,11434,4,11434,30331
tmzyav,Yes,$42501-$80000,53,$25000-$40499,Male,Married,,1,Shipping and receiving associate,some college ,Married,,Bachelors,Black or African American,35068,6,35068,35068
tombzc,Yes,More than $80000,47,More than $78000,male,Married,,4,Supervisor,highschool diploma,Married,,highschool diploma,White,33702,3,79382,49127
trkkzm,Yes,$22501-$42500,34,$56000-$78000,female,Single,,2,IT Manager,Associates,Never married,,Bachelors,White,33809,5,33809,33813
tshuzf,Yes,More than $80000,29,$56000-$78000,Female,Single,,0,Account Executive,Associates,Never married,,Bachelors,Black or African American,30058,4,12208,30324
ttejwx,Yes,Less than $12500,37,Less than $25000,Male,Single,,0,Market Research,High School,Widowed,,High School,Hispanic or Latino,07055,5,07055,07055
ttffdn,Yes,$22501-$42500,49,$56000-$78000,female,Single,,0,Maid,Masters,Married,,Bachelor,Black or African American,63136,4,63136,63033
tubyck,Yes,$22501-$42500,39,$25000-$40499,Female,Single,,1,Hostess,Some college,Divorced,,Bachelors,Black or African American,71603,3,71459,71603
tvqzdl,Yes,$12501-$22500,36,$25000-$40499,male,Single,,2,manufacturing,associates's degree,Never married,,diploma,Black or African American,27320,4,27320,27320
tynosw,Yes,$42501-$80000,48,$56000-$78000,Male,Married,,too,retail sales manager,doctorate degree,Married,,high school diploma,White,34243,4,21202,30265
tztoxe,Yes,$22501-$42500,45,$25000-$40499,male,Married,,2,Administrator,parents,Married,, 4 year Degree,White,76712,5,76712,76712
uadznz,Yes,$42501-$80000,46,$25000-$40499,Male,Married,,2,Employed,Barchelor ,Married,,Collage,Black or African American,10001,6,10001,10001
ucubxq,Yes,$12501-$22500,30,$25000-$40499,female,Married,,2,Gig worker,high school diploma,Married,,high school diploma,White,64115,5,94016,64118
udrgey,Yes,More than $80000,39,More than $78000,Female,Married,,1,Data Entry,Associate's,Married,,Master's,White,19605,4,19605,98642
uetwjp,Yes,$42501-$80000,35,$40500-$55999,Female,Married,,3,Management,Bachelors,Married,,Associates,Black or African American,33067,5,33067,33445
ueyiht,Yes,$42501-$80000,52,$40500-$55999,female,Married,,0,Office clerk,Associate of Arts,Married,,Associate of Arts,White,92780,4,92780,92780
ugbnco,Yes,More than $80000,40,Less than $25000,female,Married,,3,Teacher,High School Diploma,Divorced,,AA,White,68701,5,68701,68727
ugmczw,Yes,Less than $12500,33,Less than $25000,female`,Single,,0,sales,bacholors,Never married,,some college,Black or African American,44120,3,44108,44120
ugycvt,Yes,$12501-$22500,29,Less than $25000,Male,Married,,1,IT,School,Married,,Bachelor's degree,White,33010,4,33010,33010
ujbqmu,Yes,Less than $12500,59,More than $78000,female,Married,,3,self employed/freelance,high school,Married,,some college,White,94947,5,60453,31008
ujdrey,Yes,$42501-$80000,56,$56000-$78000,Female,Married,,2,Marketing,Master's,Married,,Master's,White,46404,4,46404,46404
ulyknk,Yes,$42501-$80000,68,$25000-$40499,female,Widowed,,2,Retired,diploma,Married,,diploma,Black or African American,19464,6,21201,19464
umibms,Yes,More than $80000,65,$25000-$40499,female,Married,,2,homemaker,bachelor's,Married,,Bachelor's,White,46614,13,46614,42164
umsdtz,Yes,$42501-$80000,32,$25000-$40499,Male,Other (please specify),Living with partner,0,Fulfillment Associate,High School,Married,,Bachelors,White,08859,4,,08873
unerdr,Yes,$42501-$80000,37,$56000-$78000,male,Single,,0,Sales,Associates,Married,,Bachlors ,White,76020,4,76135,76082
unmtkc,Yes,Less than $12500,48,Less than $25000,female,Married,,2,self employed,none,Married,,none,Black or African American,00000,7,00000,18302
uoysoz,Yes,$12501-$22500,57,$56000-$78000,MALE,Married,,2,INFORMATION IT,BACHELORS DEGREE,Married,,BACHELORS DEGREE,White,70090,4,70090,70090
uqwabo,Yes,More than $80000,35,$56000-$78000,male,Married,,2,consultanty,4,Married,,4,Black or African American,02108,3,02109,02108
urrqcm,Yes,$12501-$22500,28,Less than $25000,Male,Single,,0,Administrative Assistant,BA,Never married,,BA,White,11421,4,11421,10956
utabnn,Yes,$42501-$80000,28,More than $78000,female,Single,,0,retail manager,associates,Married,,associstes,Hispanic or Latino,33624,3,33624,33624
uuoqoa,Yes,More than $80000,40,Less than $25000,male,Single,,2,Software Developer,Associates,Married,,Bachelors,Black or African American,31069,5,31069,31088
uwifys,Yes,$42501-$80000,43,$40500-$55999,male,Divorced,,0,department manager,bachelors,Married,,bachelors ,White,96080,5,96094,98604
uyemcx,Yes,$42501-$80000,47,Less than $25000,Male,Married,,2,Junior manager,Bachelor degree,Married,,Bachelor degree,White,34761,6,34761,85034
uzuhka,Yes,Less than $12500,33,Less than $25000,Male,Single,,0,Unemployed,Some college,Divorced,,11th grade,White,41143,4,40351,41168
vawlqh,Yes,$42501-$80000,55,$25000-$40499,Female,Divorced,,3,IT Coordinator,HS Diploma,Divorced,,HS Diploma,Black or African American,14621,2,63017,01702
vbkcff,Yes,$22501-$42500,38,$40500-$55999,Female,Married,,0,Writer,MD,Married,,BA,White,10001,5,10001,50208
vcqkzo,Yes,Less than $12500,46,More than $78000,Woman,Single,,0,Founder,Bachelors ,Married,,Associates ,Black or African American,48219,2 parents 4 kids 6 of us total,48219,48219
vfayzp,Yes,Less than $12500,20,Less than $25000,female,Single,,0,student,bahelor's,Married,,highschool,Black or African American,75149,14,75215,75165
vfbebx,Yes,$42501-$80000,33,More than $78000,Female,Married,,1,Social services,Bachelor's,Married,,Bachelor's,White,81007,4,98801,80233
vfhtjz,Yes,$42501-$80000,35,$25000-$40499,Female,Single,,0,Administrative Assistant,Bachelor's,Divorced,,Bachelor's,Black or African American,10472,2,10472,07110
vfytfc,Yes,$22501-$42500,30,$25000-$40499,female,Divorced,,3,self employed,14,Divorced,,12,White,40108,4,40142,40142
vgaubw,Yes,$42501-$80000,47,$25000-$40499,Female,Divorced,,1,Data Entry,Masters,Divorced,,Masters,Black or African American,27530,4,14201,91910
vkanmo,Yes,Less than $12500,30,$56000-$78000,female,Single,,0,assistant teacher,bachelors,Married,,high school,Black or African American,20708,4,15212,20637
vlhfjq,Yes,$12501-$22500,54,$56000-$78000,female,Married,,2,40000,parentsbachelore degree,Married,,bachelore degree,White,32503,5,32503,32503
vlsjwi,Yes,$22501-$42500,46,$25000-$40499,male,Widowed,,3,cook,associates,Never married,,associates,Black or African American,92115,4,92105,98682
vlsrdn,Yes,$42501-$80000,32,$56000-$78000,Female,Married,,2,Manager,12,Married,,16,White,60629,4,60629,60629
vlxsfm,Yes,More than $80000,62,Less than $25000,Female,Single,,1,programmer,High School,Never married,,MS,Black or African American,23456,9,23456,23456
vneqmc,Yes,$22501-$42500,36,$25000-$40499,Male,Single,,0,Self-Employed,High School Diploma,Married,,Associate's Degree,Black or African American,29033,4,29033,29033
vomyuu,Yes,$22501-$42500,56,$25000-$40499,female,Married,,2,administrative clerk,high school,Married,,associate,White,49660,4,49660,49405
votbul,Yes,$22501-$42500,30,$56000-$78000,MALE,Single,,0,CONTRACTOR,Bacholers Degree,Married,,High School Diploma,White,11953,5,11763,13452
vppnke,Yes,Less than $12500,41,$56000-$78000,male,Single,,0,customer service,High School,Married,,High School,White,64063,4,64063,65807
vtntxb,Yes,$12501-$22500,28,Less than $25000,male,Single,,0,skilled laborer,high school,Married,,high school,White,21213,8,21213,21213
vtpeav,Yes,$22501-$42500,38,Less than $25000,male,Divorced,,1,retail,High School,Married,,High School,White,25244,5,25271,25244
vvwbtv,Yes,$42501-$80000,60,$25000-$40499,Female,Single,,0,Customer Service Representative,None,Married,,Bachelors,Black or African American,24521,7,24521,24572
vxahbn,Yes,$12501-$22500,30,$25000-$40499,female,Single,,0,salesperson,bachelor degree,Divorced,,high school graduate,Black or African American,32818,9,30369,32839
vxaqln,Yes,$42501-$80000,47,$25000-$40499,Male,Divorced,,5,Sales Manager,High School Diploma,Divorced,,GED,Black or African American,45505,3,45505,45503
vxlvzn,Yes,$22501-$42500,74,Less than $25000,female,Single,,0,retired,none,Married,,high school,White,16505,5,16505,33462
vzbgni,Yes,$22501-$42500,33,$56000-$78000,Male,Married,,1,Service,Bachelor,Married,,Bachelor,White,75001,3,75001,75001
wajaav,Yes,More than $80000,28,$56000-$78000,Male,Married,,0,Purchasing Manager,Masters,Married,,Diploma,White,28312,5,28312,27546
waolzw,Yes,More than $80000,54,More than $78000,female,Divorced,,1,marketing director,high school,Married,,bachelors ,White,01089,6,01089,01119
wbmpvs,Yes,More than $80000,25,More than $78000,female,Married,,2,manager,master,Married,,bachelor's degree,White,32905,4,32905,32905
wddebp,Yes,Less than $12500,40,Less than $25000,male,Single,,0,freelancer,highschool diploma,Married,,none,White,46534,4,46534,46534
wecxjk,Yes,$42501-$80000,40,Less than $25000,female,Married,,2,Teacher,High School Diploma,Married,,Bachelors of Art,White,99207,5,98307,98837
wfadvd,Yes,More than $80000,46,Less than $25000,female,Married,,2,employment specialist,high school diploma,Divorced and Remarried,,BA,Black or African American,44505,5,44505,44505
wfkplj,Yes,Less than $12500,37,$25000-$40499,female,Single,,2,Quality Assurance agent,Associate Degree,Married,,Diploma,Black or African American,29526,6,92114,29526
wfwjog,Yes,$42501-$80000,69,Less than $25000,male,Married,,4,retired,hs,Married,,aa,White,48001,13,48001,48001
wkfvkn,Yes,Less than $12500,23,Less than $25000,female,Single,,0,student ,none,Divorced,,some college,Black or African American,02121,5,02121,02860
wkjaar,Yes,$42501-$80000,30,$56000-$78000,Female,Single,,0,Nurse,college with no degree,Married,,Undergraduate,Black or African American,48602,4,48602,33541
wljeti,Yes,Less than $12500,38,$25000-$40499,female,Single,,0,microtask/gig worker,Associates degree,Divorced,,High school diploma,Black or African American,22602,5,22602,55046
wlrgrf,Yes,Less than $12500,31,Less than $25000,female,Single,,0,web developer,some high school,Never married,,bachelors,Black or African American,70791,5,70807,70802
wlvzth,Yes,$12501-$22500,76,$40500-$55999,female,Single,,2,retired,Doctor of Optometry,Married,,Bachelor degree in psychology,White,62439,3,62439,72032
wmnpcy,Yes,Less than $12500,48,Less than $25000,f,Single,,2,assembly packer,hs,Never married,,masters,White,63775,3,63624,63624
wmyljc,No,$22501-$42500,42,$25000-$40499,female,Married,,0,online media,high school diploma,Married,,bachelor's,Black or African American,23450,5,23450,28210
wobphn,Yes,$42501-$80000,31,$40500-$55999,male,Married,,2,managerial,high school,Married,,Bachelor,Black or African American,97229,4,97229,97229
wougvm,Yes,$42501-$80000,70,$25000-$40499,female,Married,,1,teacher,High School ,Married,,Bachelor's degree,Black or African American,38106,8,38106,30122
wpamkh,Yes,$42501-$80000,33,$25000-$40499,male,Single,,zero,jack,college,Never married,,some college,Black or African American,48312,8,60623,60463
wqofxk,Yes,$12501-$22500,28,Less than $25000,male,Single,,0,driver,high school diploma ,Married,,high school diploma ,White,40220,5,40220,40220
wtlzbo,Yes,More than $80000,47,Don't know,Male,Divorced,,1,Project Manager,M.A.,Married,,B.A.,White,19116,4,19141,08054
wxbjmt,Yes,$42501-$80000,51,$56000-$78000,Male,Married,,2,Business,Some college,Married,,Master Degree,Black or African American,60446,4,60446,60446
wxpzdm,Yes,$22501-$42500,48,Less than $25000,female,Single,,0,clerk,Associates,Married,,GED,Black or African American,48203,8,48206,45424
wxuozh,Yes,Less than $12500,29,Less than $25000,Male,Single,,0,Server,Bachelor's,Married,,Bachelor's,White,12078,3,12078,12078
wzwtae,Yes,$12501-$22500,43,$40500-$55999,male,Single,,0,Office Support,MA,Married,,,White,48618,3,48628,48618
xdmbin,Yes,$22501-$42500,51,$40500-$55999,male,Married,,5,superisor,high school diploma,Married,,bachelor's,Black or African American,43906,9,26003,43935
xdquuq,Yes,$22501-$42500,51,$25000-$40499,male,Divorced,,1,Retired,None,Married,,MBA,Black or African American,292115,9,29115,29203
xdqwmy,Yes,$22501-$42500,33,$25000-$40499,male,Married,,0,service holder,bachelors,Married,,bachelors,White,75014,3,75014,75014
xinvom,Yes,$12501-$22500,37,More than $78000,female,Single,,0,mystery shopper,PHD,Married,,MFA,White,76063,5,75203,76086
xiyuzl,Yes,$42501-$80000,35,Less than $25000,female,Single,,0,photographer,10th grade,Married,,High School,White,16833,6,23233,28574
xkgbto,Yes,$12501-$22500,72,Less than $25000,Male,Widowed,,1,Self-employed,BA,Married,,BA,White,94947,5,94123,97301
xkxpom,Yes,$42501-$80000,33,$25000-$40499,male,Single,,0,engineer,bachelor's degree,Never married,,bachelor's degree,Black or African American,30901,4,30901,29841
xmcvjq,Yes,$12501-$22500,46,Don't know,male,Single,,0,Movie theatre ticketing,unknown,Divorced and Remarried,,high school,White,32217,4,11743,60630
xodpkt,Yes,$42501-$80000,60,$25000-$40499,Male,Divorced,,1,General Contractor,High School,Married,,High School,White,32547,8,42223,71112
xomuyv,Yes,$42501-$80000,25,More than $78000,Male,Single,,0,Officer,Masters,Married,,Bachelors ,Black or African American,11234,6,11234,11234
xpykya,Yes,$12501-$22500,63,$25000-$40499,male,Divorced,,0,retired 4-6-2021 from manufacturing,high school diploma,Divorced,,high school diploma,White,43832,4,43725,43812
xqamme,Yes,$12501-$22500,58,Less than $25000,Female,Divorced,,5,Medical Editor,High school,Married,,Associate's,Black or African American,23866,6, 60615,32839
xqzmlh,Yes,More than $80000,57,More than $78000,male,Married,,1,markting,master,Married,,master,White,60601,3,60601,60601
xrkiej,Yes,Less than $12500,53,Less than $25000,Male,Single,,0,Business Transcriptionist,Masters,Divorced and Remarried,,AA,White,33023,5,21401,32603
xrqruw,Yes,$22501-$42500,33,$40500-$55999,Male,Married,,2,Manager,BCA,Married,,MCA,White,93727,7,93727,93727
xtwpue,Yes,$42501-$80000,69,$25000-$40499,male,Married,,2,worker in painting,high school,Married,,bachelor,White,20147,2,20147,20147
xuqoew,Yes,$12501-$22500,35,$25000-$40499,male,Single,,0,graphic design,high school,Never married,,high school,White,10988,4,07461,10988
xvipbr,Yes,Less than $12500,59,Less than $25000,woman,Divorced,,0,clerk,MA,Other (please specify),one died when I was 12,BS,White,94526,1,94507,97404
ydeetf,Yes,$42501-$80000,34,Less than $25000,female,Single,,0,"Assistant Director, Education Abroad",Associates,Never married,,Masters,Black or African American,48205,1,48223,12207
yedjmp,Yes,$42501-$80000,23,$40500-$55999,man,Single,,0,accountant,middle school,Never married,,BS,White,92115,4,92115,92115
yfacmv,Yes,$42501-$80000,32,$56000-$78000,male,Married,,1,Tutor,College,Married,,Bachelor,Black or African American,02111,8,02111,02111
yfohkn,Yes,$12501-$22500,20,More than $78000,Male,Single,,0,Student,Bachelors,Married,,Highschool Diploma,White,22101,6,22101,22101
yhbeze,Yes,Less than $12500,30,Less than $25000,Female,Divorced,,2,mTurk,I have no idea,Never married,,High School Diploma,White,35180,2,33523,33541
yhppbc,Yes,$22501-$42500,33,Less than $25000,Male,Married,,2,Retail Department Manager,Highschool,Divorced,,Highschool,White,40456,3,40456,40445
ykdppd,Yes,$42501-$80000,34,$40500-$55999,male,Single,,0,Machine Operator,college degree,Married,,some college,Black or African American,60613,4,60637,60615
ylaxlk,Yes,Less than $12500,31,$56000-$78000,Female,Single,,0,Self-Employed,Associate's,Married,,Master's,Black or African American,11236,3,11236,11236
ynjilk,Yes,$42501-$80000,35,$40500-$55999,female,Divorced,,2,Environmental Services,High school,Divorced,,High school,White,68112,3,68112,94086
ynnbid,Yes,$12501-$22500,37,$25000-$40499,Female,Married,,1,Customer Executive,Bachelor degree,Married,,Master degree,Black or African American,70816,7,70816,70816
yoliko,Yes,$42501-$80000,34,$40500-$55999,Male,Single,,0,Business Analyst,Bachelors Degree,Married,,Bachelors Degree,White,27012,6,27012,27012
yonqhb,Yes,$22501-$42500,35,Less than $25000,female,Married,,2,photographer,high school diploma,Never married,,associates,White,61846,14,61832,64089
ypmizw,Yes,$42501-$80000,37,$56000-$78000,female,Married,,0,Business owner,Bachelors degree,Married,,Associates degree,Black or African American,68167,3,93940,32548
yrznqv,Yes,$12501-$22500,36,Less than $25000,Female,Single,,0,Sales,Professional Degree,Divorced and Remarried,,Professional Degree,Black or African American,78218,9,01101,78154
yslgol,Yes,$42501-$80000,34,$40500-$55999,Female,Married,,1,Manager,Doctor,Married,,Engineering,White,31575 ,4,31575 ,31575 
ytuzdl,Yes,$42501-$80000,65,$40500-$55999,female,Married,,2,supervisor,high school,Married,,bachelor's,White,70809,4,70809,70809
ytyhyc,Yes,$22501-$42500,48,$25000-$40499,female,Married,,3,educator ,bachelors ,Married,,bachelors ,White,87120,6,87120,87120
yurqyj,Yes,$22501-$42500,42,$25000-$40499,Female,Married,,2,House Keeper,Highschool,Married,,GED,White,99801,6,99801,63539
ywrfxb,Yes,$22501-$42500,37,$25000-$40499,female,Single,,0,food service,high school diploma,Married,,high school diploma,White,98270,3,98270,98270
ywsros,Yes,$42501-$80000,35,More than $78000,male,Single,,0,marketing content writer,bachelor's degree,Never married,,bachelor's degree,White,30087,4,30087,30319
ywyqmj,Yes,$42501-$80000,23,$56000-$78000,Woman,Single,,0,Customer Service Analyst,Master's,Never married,,Bachelor's,Black or African American,07203,2,07203,07203
zdarzw,Yes,$22501-$42500,26,More than $78000,female,Other (please specify),living with partner,0,Homemaker,College degree,Married,,High School diploma,White,47872,4,unsure,47834
zdjuci,Yes,Less than $12500,56,Less than $25000,woman,Single,,3,data entry,high school,Never married,,trade school,Black or African American,32304,9,32304,32304
zhkvbs,Yes,$42501-$80000,31,$56000-$78000,male,Married,,1,Accounting,Masters,Married,,Bachelors,Black or African American,11552,7,11420,18252
zkjfum,Yes,$42501-$80000,45,$56000-$78000,Female,Married,,2,Warehouse manager,BA,Married,,MA,White,19132,4,19132,19132
zlxcpr,Yes,Less than $12500,79,Less than $25000,Female,Married,,2,Survey Taker,8th grade,Married,,High school diploma,White,61554,8,61554,61554
zmcfee,Yes,More than $80000,57,More than $78000,Male,Married,,3,Service,BBA,Married,,MBA,White,07040,6,07040,07040
zoafdf,Yes,$22501-$42500,29,$56000-$78000,Female,Married,,2,Project Manager,Assosiciates Degree,Married,,Bacherlos degree,White,70812,4,70812,70812
zotpxg,Yes,$22501-$42500,42,$25000-$40499,Male,Single,,1,IT Analyst,Bachelors' Degree,Never married,,Some College,Black or African American,33143,5,33143,21206
zrtbav,Yes,$42501-$80000,34,$56000-$78000,Female,Married,,1,Manager,Doctor,Married,,Engineering,White,93612,4,93612,93612
zuaztt,Yes,$42501-$80000,33,$40500-$55999,Male,Single,,0,teacher,Graduation,Never married,,Graduation,White,75023,5,10002,10002
zuidyy,Yes,$12501-$22500,25,Less than $25000,Gender confused,Single,,0,Independent contractor,BS,Never married,,BS,White,47150,4,40207,57254
zvtjzv,Yes,$42501-$80000,35,$40500-$55999,Male,Married,,2,Waiter,High School,Married,,Associate,White,11208,4,11208,11208
zxbwkz,Yes,$12501-$22500,64,Less than $25000,male,Single,,0,retired,BS,Married,,BS,White,08739,5,16201,34221
zymjlf,Yes,$42501-$80000,42,More than $78000,male,Divorced,,0,producer,J.D.,Married,,M.A.,Hispanic or Latino,33155,3,33155,33135
