Event Index,UTC Timestamp,UTC Date and Time,Local Timestamp,Local Timezone,Local Date and Time,Experiment ID,Experiment Version,Tree Node Key,Repeat Key,Schedule ID,Participant Public ID,Participant Private ID,Participant Starting Group,Participant Status,Participant Completion Code,Participant External Session ID,Participant Device Type,Participant Device,Participant OS,Participant Browser,Participant Monitor Size,Participant Viewport Size,Checkpoint,Room ID,Room Order,Task Name,Task Version,branch-jqbz,randomiser-745l,randomiser-hhua,Randomise questionnaire elements?,Question Key,Response
1,1695231251011,20/09/2023 17:34:11,1695231251478,-4,20/09/2023 13:34:11,139457,3,questionnaire-iqsy,,31767222,BLIND,9394743,,complete,,e8c4970a-2376-4c6d-8b60-299c04c77c96,computer,Desktop or Laptop,Windows 10,Chrome 116.0.0.0,1920x1080,1920x931,,,,"Ethnic Identity 7-point scale - Sidanius et al., 2008",2,MaleBranch,,Male_InOut,No,BEGIN QUESTIONNAIRE,
2,1695231257628,20/09/2023 17:34:17,1695231258139,-4,20/09/2023 13:34:18,139457,3,questionnaire-iqsy,,31767222,BLIND,9394743,,complete,,e8c4970a-2376-4c6d-8b60-299c04c77c96,computer,Desktop or Laptop,Windows 10,Chrome 116.0.0.0,1920x1080,1903x931,,,,"Ethnic Identity 7-point scale - Sidanius et al., 2008",2,MaleBranch,,Male_InOut,No,EIS1,7
3,1695231257727,20/09/2023 17:34:17,1695231258143,-4,20/09/2023 13:34:18,139457,3,questionnaire-iqsy,,31767222,BLIND,9394743,,complete,,e8c4970a-2376-4c6d-8b60-299c04c77c96,computer,Desktop or Laptop,Windows 10,Chrome 116.0.0.0,1920x1080,1903x931,,,,"Ethnic Identity 7-point scale - Sidanius et al., 2008",2,MaleBranch,,Male_InOut,No,EIS2,7
4,1695231257727,20/09/2023 17:34:17,1695231258143,-4,20/09/2023 13:34:18,139457,3,questionnaire-iqsy,,31767222,BLIND,9394743,,complete,,e8c4970a-2376-4c6d-8b60-299c04c77c96,computer,Desktop or Laptop,Windows 10,Chrome 116.0.0.0,1920x1080,1903x931,,,,"Ethnic Identity 7-point scale - Sidanius et al., 2008",2,MaleBranch,,Male_InOut,No,EIS3,7
5,1695231257727,20/09/2023 17:34:17,1695231258143,-4,20/09/2023 13:34:18,139457,3,questionnaire-iqsy,,31767222,BLIND,9394743,,complete,,e8c4970a-2376-4c6d-8b60-299c04c77c96,computer,Desktop or Laptop,Windows 10,Chrome 116.0.0.0,1920x1080,1903x931,,,,"Ethnic Identity 7-point scale - Sidanius et al., 2008",2,MaleBranch,,Male_InOut,No,EIS4,7
6,1695231257727,20/09/2023 17:34:17,1695231258144,-4,20/09/2023 13:34:18,139457,3,questionnaire-iqsy,,31767222,BLIND,9394743,,complete,,e8c4970a-2376-4c6d-8b60-299c04c77c96,computer,Desktop or Laptop,Windows 10,Chrome 116.0.0.0,1920x1080,1903x931,,,,"Ethnic Identity 7-point scale - Sidanius et al., 2008",2,MaleBranch,,Male_InOut,No,END QUESTIONNAIRE,6666
1,1695231375084,20/09/2023 17:36:15,1695231374903,-4,20/09/2023 13:36:14,139457,3,questionnaire-iqsy,,31767282,BLIND,9394750,,complete,,f095a9d6-8dd0-4798-b72d-87c5b4d25d11,computer,Desktop or Laptop,Mac OS 10.15.7,Chrome 104.0.0.0,1728x1117,1368x938,,,,"Ethnic Identity 7-point scale - Sidanius et al., 2008",2,FemaleBranch,Female_InIn_Swap,,No,BEGIN QUESTIONNAIRE,
2,1695231385709,20/09/2023 17:36:25,1695231385593,-4,20/09/2023 13:36:25,139457,3,questionnaire-iqsy,,31767282,BLIND,9394750,,complete,,f095a9d6-8dd0-4798-b72d-87c5b4d25d11,computer,Desktop or Laptop,Mac OS 10.15.7,Chrome 104.0.0.0,1728x1117,1353x938,,,,"Ethnic Identity 7-point scale - Sidanius et al., 2008",2,FemaleBranch,Female_InIn_Swap,,No,EIS1,5
3,1695231385846,20/09/2023 17:36:25,1695231385594,-4,20/09/2023 13:36:25,139457,3,questionnaire-iqsy,,31767282,BLIND,9394750,,complete,,f095a9d6-8dd0-4798-b72d-87c5b4d25d11,computer,Desktop or Laptop,Mac OS 10.15.7,Chrome 104.0.0.0,1728x1117,1353x938,,,,"Ethnic Identity 7-point scale - Sidanius et al., 2008",2,FemaleBranch,Female_InIn_Swap,,No,EIS2,4
4,1695231385846,20/09/2023 17:36:25,1695231385594,-4,20/09/2023 13:36:25,139457,3,questionnaire-iqsy,,31767282,BLIND,9394750,,complete,,f095a9d6-8dd0-4798-b72d-87c5b4d25d11,computer,Desktop or Laptop,Mac OS 10.15.7,Chrome 104.0.0.0,1728x1117,1353x938,,,,"Ethnic Identity 7-point scale - Sidanius et al., 2008",2,FemaleBranch,Female_InIn_Swap,,No,EIS3,4
5,1695231385846,20/09/2023 17:36:25,1695231385594,-4,20/09/2023 13:36:25,139457,3,questionnaire-iqsy,,31767282,BLIND,9394750,,complete,,f095a9d6-8dd0-4798-b72d-87c5b4d25d11,computer,Desktop or Laptop,Mac OS 10.15.7,Chrome 104.0.0.0,1728x1117,1353x938,,,,"Ethnic Identity 7-point scale - Sidanius et al., 2008",2,FemaleBranch,Female_InIn_Swap,,No,EIS4,5
6,1695231385846,20/09/2023 17:36:25,1695231385594,-4,20/09/2023 13:36:25,139457,3,questionnaire-iqsy,,31767282,BLIND,9394750,,complete,,f095a9d6-8dd0-4798-b72d-87c5b4d25d11,computer,Desktop or Laptop,Mac OS 10.15.7,Chrome 104.0.0.0,1728x1117,1353x938,,,,"Ethnic Identity 7-point scale - Sidanius et al., 2008",2,FemaleBranch,Female_InIn_Swap,,No,END QUESTIONNAIRE,10691
1,1695231380924,20/09/2023 17:36:20,1695231379715,-5,20/09/2023 12:36:19,139457,3,questionnaire-iqsy,,31767285,BLIND,9394744,,complete,,7480e1a0-97a9-4192-af68-fc23ce2b63a0,computer,Desktop or Laptop,Windows 10,Firefox 117.0,2144x1206,2144x1066,,,,"Ethnic Identity 7-point scale - Sidanius et al., 2008",2,MaleBranch,,Male_InIn_Swap,No,BEGIN QUESTIONNAIRE,
2,1695231396652,20/09/2023 17:36:36,1695231395517,-5,20/09/2023 12:36:35,139457,3,questionnaire-iqsy,,31767285,BLIND,9394744,,complete,,7480e1a0-97a9-4192-af68-fc23ce2b63a0,computer,Desktop or Laptop,Windows 10,Firefox 117.0,2144x1206,2144x1066,,,,"Ethnic Identity 7-point scale - Sidanius et al., 2008",2,MaleBranch,,Male_InIn_Swap,No,EIS1,4
3,1695231396802,20/09/2023 17:36:36,1695231395519,-5,20/09/2023 12:36:35,139457,3,questionnaire-iqsy,,31767285,BLIND,9394744,,complete,,7480e1a0-97a9-4192-af68-fc23ce2b63a0,computer,Desktop or Laptop,Windows 10,Firefox 117.0,2144x1206,2144x1066,,,,"Ethnic Identity 7-point scale - Sidanius et al., 2008",2,MaleBranch,,Male_InIn_Swap,No,EIS2,3
4,1695231396802,20/09/2023 17:36:36,1695231395519,-5,20/09/2023 12:36:35,139457,3,questionnaire-iqsy,,31767285,BLIND,9394744,,complete,,7480e1a0-97a9-4192-af68-fc23ce2b63a0,computer,Desktop or Laptop,Windows 10,Firefox 117.0,2144x1206,2144x1066,,,,"Ethnic Identity 7-point scale - Sidanius et al., 2008",2,MaleBranch,,Male_InIn_Swap,No,EIS3,5
5,1695231396802,20/09/2023 17:36:36,1695231395519,-5,20/09/2023 12:36:35,139457,3,questionnaire-iqsy,,31767285,BLIND,9394744,,complete,,7480e1a0-97a9-4192-af68-fc23ce2b63a0,computer,Desktop or Laptop,Windows 10,Firefox 117.0,2144x1206,2144x1066,,,,"Ethnic Identity 7-point scale - Sidanius et al., 2008",2,MaleBranch,,Male_InIn_Swap,No,EIS4,4
6,1695231396802,20/09/2023 17:36:36,1695231395519,-5,20/09/2023 12:36:35,139457,3,questionnaire-iqsy,,31767285,BLIND,9394744,,complete,,7480e1a0-97a9-4192-af68-fc23ce2b63a0,computer,Desktop or Laptop,Windows 10,Firefox 117.0,2144x1206,2144x1066,,,,"Ethnic Identity 7-point scale - Sidanius et al., 2008",2,MaleBranch,,Male_InIn_Swap,No,END QUESTIONNAIRE,15804
1,1695231482003,20/09/2023 17:38:02,1695231481645,-5,20/09/2023 12:38:01,139457,3,questionnaire-iqsy,,31767321,BLIND,9394745,,complete,,8d12558a-fe73-4d7a-a61e-c99e5d1c36e0,computer,Desktop or Laptop,Windows 10,Opera 102.0.0.0,3440x1440,3399x1339,,,,"Ethnic Identity 7-point scale - Sidanius et al., 2008",2,MaleBranch,,Male_InIn,No,BEGIN QUESTIONNAIRE,
2,1695231493863,20/09/2023 17:38:13,1695231493549,-5,20/09/2023 12:38:13,139457,3,questionnaire-iqsy,,31767321,BLIND,9394745,,complete,,8d12558a-fe73-4d7a-a61e-c99e5d1c36e0,computer,Desktop or Laptop,Windows 10,Opera 102.0.0.0,3440x1440,3399x1339,,,,"Ethnic Identity 7-point scale - Sidanius et al., 2008",2,MaleBranch,,Male_InIn,No,EIS1,6
3,1695231493995,20/09/2023 17:38:13,1695231493550,-5,20/09/2023 12:38:13,139457,3,questionnaire-iqsy,,31767321,BLIND,9394745,,complete,,8d12558a-fe73-4d7a-a61e-c99e5d1c36e0,computer,Desktop or Laptop,Windows 10,Opera 102.0.0.0,3440x1440,3399x1339,,,,"Ethnic Identity 7-point scale - Sidanius et al., 2008",2,MaleBranch,,Male_InIn,No,EIS2,5
4,1695231493995,20/09/2023 17:38:13,1695231493550,-5,20/09/2023 12:38:13,139457,3,questionnaire-iqsy,,31767321,BLIND,9394745,,complete,,8d12558a-fe73-4d7a-a61e-c99e5d1c36e0,computer,Desktop or Laptop,Windows 10,Opera 102.0.0.0,3440x1440,3399x1339,,,,"Ethnic Identity 7-point scale - Sidanius et al., 2008",2,MaleBranch,,Male_InIn,No,EIS3,4
5,1695231493995,20/09/2023 17:38:13,1695231493550,-5,20/09/2023 12:38:13,139457,3,questionnaire-iqsy,,31767321,BLIND,9394745,,complete,,8d12558a-fe73-4d7a-a61e-c99e5d1c36e0,computer,Desktop or Laptop,Windows 10,Opera 102.0.0.0,3440x1440,3399x1339,,,,"Ethnic Identity 7-point scale - Sidanius et al., 2008",2,MaleBranch,,Male_InIn,No,EIS4,3
6,1695231493995,20/09/2023 17:38:13,1695231493550,-5,20/09/2023 12:38:13,139457,3,questionnaire-iqsy,,31767321,BLIND,9394745,,complete,,8d12558a-fe73-4d7a-a61e-c99e5d1c36e0,computer,Desktop or Laptop,Windows 10,Opera 102.0.0.0,3440x1440,3399x1339,,,,"Ethnic Identity 7-point scale - Sidanius et al., 2008",2,MaleBranch,,Male_InIn,No,END QUESTIONNAIRE,11905
1,1695231646990,20/09/2023 17:40:46,1695231639960,-4,20/09/2023 13:40:39,139457,3,questionnaire-iqsy,,31767384,BLIND,9394739,,complete,,576b87a8-8fd8-4b32-803f-f4e93faed1f9,computer,Desktop or Laptop,Windows 10,Chrome 116.0.0.0,1536x864,1707x821,,,,"Ethnic Identity 7-point scale - Sidanius et al., 2008",2,MaleBranch,,Male_InIn,No,BEGIN QUESTIONNAIRE,
2,1695231658471,20/09/2023 17:40:58,1695231651218,-4,20/09/2023 13:40:51,139457,3,questionnaire-iqsy,,31767384,BLIND,9394739,,complete,,576b87a8-8fd8-4b32-803f-f4e93faed1f9,computer,Desktop or Laptop,Windows 10,Chrome 116.0.0.0,1536x864,1688x821,,,,"Ethnic Identity 7-point scale - Sidanius et al., 2008",2,MaleBranch,,Male_InIn,No,EIS1,7
3,1695231658736,20/09/2023 17:40:58,1695231651219,-4,20/09/2023 13:40:51,139457,3,questionnaire-iqsy,,31767384,BLIND,9394739,,complete,,576b87a8-8fd8-4b32-803f-f4e93faed1f9,computer,Desktop or Laptop,Windows 10,Chrome 116.0.0.0,1536x864,1688x821,,,,"Ethnic Identity 7-point scale - Sidanius et al., 2008",2,MaleBranch,,Male_InIn,No,EIS2,6
4,1695231658736,20/09/2023 17:40:58,1695231651220,-4,20/09/2023 13:40:51,139457,3,questionnaire-iqsy,,31767384,BLIND,9394739,,complete,,576b87a8-8fd8-4b32-803f-f4e93faed1f9,computer,Desktop or Laptop,Windows 10,Chrome 116.0.0.0,1536x864,1688x821,,,,"Ethnic Identity 7-point scale - Sidanius et al., 2008",2,MaleBranch,,Male_InIn,No,EIS3,7
5,1695231658736,20/09/2023 17:40:58,1695231651220,-4,20/09/2023 13:40:51,139457,3,questionnaire-iqsy,,31767384,BLIND,9394739,,complete,,576b87a8-8fd8-4b32-803f-f4e93faed1f9,computer,Desktop or Laptop,Windows 10,Chrome 116.0.0.0,1536x864,1688x821,,,,"Ethnic Identity 7-point scale - Sidanius et al., 2008",2,MaleBranch,,Male_InIn,No,EIS4,6
6,1695231658736,20/09/2023 17:40:58,1695231651220,-4,20/09/2023 13:40:51,139457,3,questionnaire-iqsy,,31767384,BLIND,9394739,,complete,,576b87a8-8fd8-4b32-803f-f4e93faed1f9,computer,Desktop or Laptop,Windows 10,Chrome 116.0.0.0,1536x864,1688x821,,,,"Ethnic Identity 7-point scale - Sidanius et al., 2008",2,MaleBranch,,Male_InIn,No,END QUESTIONNAIRE,11260
1,1695231966167,20/09/2023 17:46:06,1695231966408,-7,20/09/2023 10:46:06,139457,3,questionnaire-iqsy,,31767552,BLIND,9394787,,complete,,b358d3ec-0584-4bab-91af-fd648678c490,computer,Desktop or Laptop,Windows 10,Chrome 116.0.0.0,2560x1080,2560x969,,,,"Ethnic Identity 7-point scale - Sidanius et al., 2008",2,MaleBranch,,Male_InIn_Swap,No,BEGIN QUESTIONNAIRE,
2,1695231975982,20/09/2023 17:46:15,1695231976276,-7,20/09/2023 10:46:16,139457,3,questionnaire-iqsy,,31767552,BLIND,9394787,,complete,,b358d3ec-0584-4bab-91af-fd648678c490,computer,Desktop or Laptop,Windows 10,Chrome 116.0.0.0,2560x1080,2543x969,,,,"Ethnic Identity 7-point scale - Sidanius et al., 2008",2,MaleBranch,,Male_InIn_Swap,No,EIS1,4
3,1695231976183,20/09/2023 17:46:16,1695231976277,-7,20/09/2023 10:46:16,139457,3,questionnaire-iqsy,,31767552,BLIND,9394787,,complete,,b358d3ec-0584-4bab-91af-fd648678c490,computer,Desktop or Laptop,Windows 10,Chrome 116.0.0.0,2560x1080,2543x969,,,,"Ethnic Identity 7-point scale - Sidanius et al., 2008",2,MaleBranch,,Male_InIn_Swap,No,EIS2,2
4,1695231976183,20/09/2023 17:46:16,1695231976277,-7,20/09/2023 10:46:16,139457,3,questionnaire-iqsy,,31767552,BLIND,9394787,,complete,,b358d3ec-0584-4bab-91af-fd648678c490,computer,Desktop or Laptop,Windows 10,Chrome 116.0.0.0,2560x1080,2543x969,,,,"Ethnic Identity 7-point scale - Sidanius et al., 2008",2,MaleBranch,,Male_InIn_Swap,No,EIS3,3
5,1695231976183,20/09/2023 17:46:16,1695231976277,-7,20/09/2023 10:46:16,139457,3,questionnaire-iqsy,,31767552,BLIND,9394787,,complete,,b358d3ec-0584-4bab-91af-fd648678c490,computer,Desktop or Laptop,Windows 10,Chrome 116.0.0.0,2560x1080,2543x969,,,,"Ethnic Identity 7-point scale - Sidanius et al., 2008",2,MaleBranch,,Male_InIn_Swap,No,EIS4,3
6,1695231976183,20/09/2023 17:46:16,1695231976277,-7,20/09/2023 10:46:16,139457,3,questionnaire-iqsy,,31767552,BLIND,9394787,,complete,,b358d3ec-0584-4bab-91af-fd648678c490,computer,Desktop or Laptop,Windows 10,Chrome 116.0.0.0,2560x1080,2543x969,,,,"Ethnic Identity 7-point scale - Sidanius et al., 2008",2,MaleBranch,,Male_InIn_Swap,No,END QUESTIONNAIRE,9869
1,1695232017468,20/09/2023 17:46:57,1695232016829,-7,20/09/2023 10:46:56,139457,3,questionnaire-iqsy,,31767579,BLIND,9394773,,complete,,3da796d3-869e-4431-931b-55415f552980,computer,Desktop or Laptop,Mac OS 10.15.7,Chrome 116.0.0.0,1440x900,1440x782,,,,"Ethnic Identity 7-point scale - Sidanius et al., 2008",2,MaleBranch,,Male_InOut_Swap,No,BEGIN QUESTIONNAIRE,
2,1695232040840,20/09/2023 17:47:20,1695232040261,-7,20/09/2023 10:47:20,139457,3,questionnaire-iqsy,,31767579,BLIND,9394773,,complete,,3da796d3-869e-4431-931b-55415f552980,computer,Desktop or Laptop,Mac OS 10.15.7,Chrome 116.0.0.0,1440x900,1440x782,,,,"Ethnic Identity 7-point scale - Sidanius et al., 2008",2,MaleBranch,,Male_InOut_Swap,No,EIS1,6
3,1695232041019,20/09/2023 17:47:21,1695232040262,-7,20/09/2023 10:47:20,139457,3,questionnaire-iqsy,,31767579,BLIND,9394773,,complete,,3da796d3-869e-4431-931b-55415f552980,computer,Desktop or Laptop,Mac OS 10.15.7,Chrome 116.0.0.0,1440x900,1440x782,,,,"Ethnic Identity 7-point scale - Sidanius et al., 2008",2,MaleBranch,,Male_InOut_Swap,No,EIS2,6
4,1695232041019,20/09/2023 17:47:21,1695232040262,-7,20/09/2023 10:47:20,139457,3,questionnaire-iqsy,,31767579,BLIND,9394773,,complete,,3da796d3-869e-4431-931b-55415f552980,computer,Desktop or Laptop,Mac OS 10.15.7,Chrome 116.0.0.0,1440x900,1440x782,,,,"Ethnic Identity 7-point scale - Sidanius et al., 2008",2,MaleBranch,,Male_InOut_Swap,No,EIS3,6
5,1695232041019,20/09/2023 17:47:21,1695232040262,-7,20/09/2023 10:47:20,139457,3,questionnaire-iqsy,,31767579,BLIND,9394773,,complete,,3da796d3-869e-4431-931b-55415f552980,computer,Desktop or Laptop,Mac OS 10.15.7,Chrome 116.0.0.0,1440x900,1440x782,,,,"Ethnic Identity 7-point scale - Sidanius et al., 2008",2,MaleBranch,,Male_InOut_Swap,No,EIS4,6
6,1695232041019,20/09/2023 17:47:21,1695232040263,-7,20/09/2023 10:47:20,139457,3,questionnaire-iqsy,,31767579,BLIND,9394773,,complete,,3da796d3-869e-4431-931b-55415f552980,computer,Desktop or Laptop,Mac OS 10.15.7,Chrome 116.0.0.0,1440x900,1440x782,,,,"Ethnic Identity 7-point scale - Sidanius et al., 2008",2,MaleBranch,,Male_InOut_Swap,No,END QUESTIONNAIRE,23434
1,1695232017851,20/09/2023 17:46:57,1695232018658,-4,20/09/2023 13:46:58,139457,3,questionnaire-iqsy,,31767588,BLIND,9394748,,complete,,c7e94003-e8cf-4ea4-b581-2add0aedb073,computer,Desktop or Laptop,Windows 10,Chrome 116.0.0.0,1280x720,1280x603,,,,"Ethnic Identity 7-point scale - Sidanius et al., 2008",2,MaleBranch,,Male_InIn,No,BEGIN QUESTIONNAIRE,
2,1695232028180,20/09/2023 17:47:08,1695232029026,-4,20/09/2023 13:47:09,139457,3,questionnaire-iqsy,,31767588,BLIND,9394748,,complete,,c7e94003-e8cf-4ea4-b581-2add0aedb073,computer,Desktop or Laptop,Windows 10,Chrome 116.0.0.0,1280x720,1263x603,,,,"Ethnic Identity 7-point scale - Sidanius et al., 2008",2,MaleBranch,,Male_InIn,No,EIS1,6
3,1695232028328,20/09/2023 17:47:08,1695232029027,-4,20/09/2023 13:47:09,139457,3,questionnaire-iqsy,,31767588,BLIND,9394748,,complete,,c7e94003-e8cf-4ea4-b581-2add0aedb073,computer,Desktop or Laptop,Windows 10,Chrome 116.0.0.0,1280x720,1263x603,,,,"Ethnic Identity 7-point scale - Sidanius et al., 2008",2,MaleBranch,,Male_InIn,No,EIS2,5
4,1695232028328,20/09/2023 17:47:08,1695232029027,-4,20/09/2023 13:47:09,139457,3,questionnaire-iqsy,,31767588,BLIND,9394748,,complete,,c7e94003-e8cf-4ea4-b581-2add0aedb073,computer,Desktop or Laptop,Windows 10,Chrome 116.0.0.0,1280x720,1263x603,,,,"Ethnic Identity 7-point scale - Sidanius et al., 2008",2,MaleBranch,,Male_InIn,No,EIS3,5
5,1695232028328,20/09/2023 17:47:08,1695232029027,-4,20/09/2023 13:47:09,139457,3,questionnaire-iqsy,,31767588,BLIND,9394748,,complete,,c7e94003-e8cf-4ea4-b581-2add0aedb073,computer,Desktop or Laptop,Windows 10,Chrome 116.0.0.0,1280x720,1263x603,,,,"Ethnic Identity 7-point scale - Sidanius et al., 2008",2,MaleBranch,,Male_InIn,No,EIS4,4
6,1695232028328,20/09/2023 17:47:08,1695232029027,-4,20/09/2023 13:47:09,139457,3,questionnaire-iqsy,,31767588,BLIND,9394748,,complete,,c7e94003-e8cf-4ea4-b581-2add0aedb073,computer,Desktop or Laptop,Windows 10,Chrome 116.0.0.0,1280x720,1263x603,,,,"Ethnic Identity 7-point scale - Sidanius et al., 2008",2,MaleBranch,,Male_InIn,No,END QUESTIONNAIRE,10369
1,1695232191039,20/09/2023 17:49:51,1695232190704,-4,20/09/2023 13:49:50,139457,3,questionnaire-iqsy,,31767646,BLIND,9394806,,complete,,e33ae867-7e62-46a8-984e-4de90bc28444,computer,Desktop or Laptop,Windows 10,Chrome 116.0.0.0,3072x1728,1282x1342,,,,"Ethnic Identity 7-point scale - Sidanius et al., 2008",2,MaleBranch,,Male_InIn_Swap,No,BEGIN QUESTIONNAIRE,
2,1695232200553,20/09/2023 17:50:00,1695232200289,-4,20/09/2023 13:50:00,139457,3,questionnaire-iqsy,,31767646,BLIND,9394806,,complete,,e33ae867-7e62-46a8-984e-4de90bc28444,computer,Desktop or Laptop,Windows 10,Chrome 116.0.0.0,3072x1728,1282x1342,,,,"Ethnic Identity 7-point scale - Sidanius et al., 2008",2,MaleBranch,,Male_InIn_Swap,No,EIS1,6
3,1695232200677,20/09/2023 17:50:00,1695232200290,-4,20/09/2023 13:50:00,139457,3,questionnaire-iqsy,,31767646,BLIND,9394806,,complete,,e33ae867-7e62-46a8-984e-4de90bc28444,computer,Desktop or Laptop,Windows 10,Chrome 116.0.0.0,3072x1728,1282x1342,,,,"Ethnic Identity 7-point scale - Sidanius et al., 2008",2,MaleBranch,,Male_InIn_Swap,No,EIS2,6
4,1695232200677,20/09/2023 17:50:00,1695232200290,-4,20/09/2023 13:50:00,139457,3,questionnaire-iqsy,,31767646,BLIND,9394806,,complete,,e33ae867-7e62-46a8-984e-4de90bc28444,computer,Desktop or Laptop,Windows 10,Chrome 116.0.0.0,3072x1728,1282x1342,,,,"Ethnic Identity 7-point scale - Sidanius et al., 2008",2,MaleBranch,,Male_InIn_Swap,No,EIS3,6
5,1695232200677,20/09/2023 17:50:00,1695232200290,-4,20/09/2023 13:50:00,139457,3,questionnaire-iqsy,,31767646,BLIND,9394806,,complete,,e33ae867-7e62-46a8-984e-4de90bc28444,computer,Desktop or Laptop,Windows 10,Chrome 116.0.0.0,3072x1728,1282x1342,,,,"Ethnic Identity 7-point scale - Sidanius et al., 2008",2,MaleBranch,,Male_InIn_Swap,No,EIS4,6
6,1695232200677,20/09/2023 17:50:00,1695232200290,-4,20/09/2023 13:50:00,139457,3,questionnaire-iqsy,,31767646,BLIND,9394806,,complete,,e33ae867-7e62-46a8-984e-4de90bc28444,computer,Desktop or Laptop,Windows 10,Chrome 116.0.0.0,3072x1728,1282x1342,,,,"Ethnic Identity 7-point scale - Sidanius et al., 2008",2,MaleBranch,,Male_InIn_Swap,No,END QUESTIONNAIRE,9586
1,1695232247480,20/09/2023 17:50:47,1695232247347,-7,20/09/2023 10:50:47,139457,3,questionnaire-iqsy,,31767664,BLIND,9394804,,complete,,47da4b67-e7fb-4e62-90d4-2838aba6c856,computer,Desktop or Laptop,Windows 10,Chrome 116.0.0.0,1920x1080,1920x923,,,,"Ethnic Identity 7-point scale - Sidanius et al., 2008",2,MaleBranch,,Male_InIn_Swap,No,BEGIN QUESTIONNAIRE,
2,1695232261048,20/09/2023 17:51:01,1695232260960,-7,20/09/2023 10:51:00,139457,3,questionnaire-iqsy,,31767664,BLIND,9394804,,complete,,47da4b67-e7fb-4e62-90d4-2838aba6c856,computer,Desktop or Laptop,Windows 10,Chrome 116.0.0.0,1920x1080,1903x923,,,,"Ethnic Identity 7-point scale - Sidanius et al., 2008",2,MaleBranch,,Male_InIn_Swap,No,EIS1,6
3,1695232261239,20/09/2023 17:51:01,1695232260961,-7,20/09/2023 10:51:00,139457,3,questionnaire-iqsy,,31767664,BLIND,9394804,,complete,,47da4b67-e7fb-4e62-90d4-2838aba6c856,computer,Desktop or Laptop,Windows 10,Chrome 116.0.0.0,1920x1080,1903x923,,,,"Ethnic Identity 7-point scale - Sidanius et al., 2008",2,MaleBranch,,Male_InIn_Swap,No,EIS2,1
4,1695232261239,20/09/2023 17:51:01,1695232260961,-7,20/09/2023 10:51:00,139457,3,questionnaire-iqsy,,31767664,BLIND,9394804,,complete,,47da4b67-e7fb-4e62-90d4-2838aba6c856,computer,Desktop or Laptop,Windows 10,Chrome 116.0.0.0,1920x1080,1903x923,,,,"Ethnic Identity 7-point scale - Sidanius et al., 2008",2,MaleBranch,,Male_InIn_Swap,No,EIS3,3
5,1695232261239,20/09/2023 17:51:01,1695232260961,-7,20/09/2023 10:51:00,139457,3,questionnaire-iqsy,,31767664,BLIND,9394804,,complete,,47da4b67-e7fb-4e62-90d4-2838aba6c856,computer,Desktop or Laptop,Windows 10,Chrome 116.0.0.0,1920x1080,1903x923,,,,"Ethnic Identity 7-point scale - Sidanius et al., 2008",2,MaleBranch,,Male_InIn_Swap,No,EIS4,1
6,1695232261239,20/09/2023 17:51:01,1695232260961,-7,20/09/2023 10:51:00,139457,3,questionnaire-iqsy,,31767664,BLIND,9394804,,complete,,47da4b67-e7fb-4e62-90d4-2838aba6c856,computer,Desktop or Laptop,Windows 10,Chrome 116.0.0.0,1920x1080,1903x923,,,,"Ethnic Identity 7-point scale - Sidanius et al., 2008",2,MaleBranch,,Male_InIn_Swap,No,END QUESTIONNAIRE,13614
1,1695232308745,20/09/2023 17:51:48,1695232308591,-7,20/09/2023 10:51:48,139457,3,questionnaire-iqsy,,31767679,BLIND,9394741,,complete,,0312c0f5-ddef-41c7-8638-97ab45ddb5e4,computer,Desktop or Laptop,Mac OS 10.15.7,Chrome 117.0.0.0,1920x1080,1280x794,,,,"Ethnic Identity 7-point scale - Sidanius et al., 2008",2,MaleBranch,,Male_InIn,No,BEGIN QUESTIONNAIRE,
2,1695232327955,20/09/2023 17:52:07,1695232327836,-7,20/09/2023 10:52:07,139457,3,questionnaire-iqsy,,31767679,BLIND,9394741,,complete,,0312c0f5-ddef-41c7-8638-97ab45ddb5e4,computer,Desktop or Laptop,Mac OS 10.15.7,Chrome 117.0.0.0,1920x1080,1280x794,,,,"Ethnic Identity 7-point scale - Sidanius et al., 2008",2,MaleBranch,,Male_InIn,No,EIS1,5
3,1695232328143,20/09/2023 17:52:08,1695232327838,-7,20/09/2023 10:52:07,139457,3,questionnaire-iqsy,,31767679,BLIND,9394741,,complete,,0312c0f5-ddef-41c7-8638-97ab45ddb5e4,computer,Desktop or Laptop,Mac OS 10.15.7,Chrome 117.0.0.0,1920x1080,1280x794,,,,"Ethnic Identity 7-point scale - Sidanius et al., 2008",2,MaleBranch,,Male_InIn,No,EIS2,5
4,1695232328143,20/09/2023 17:52:08,1695232327838,-7,20/09/2023 10:52:07,139457,3,questionnaire-iqsy,,31767679,BLIND,9394741,,complete,,0312c0f5-ddef-41c7-8638-97ab45ddb5e4,computer,Desktop or Laptop,Mac OS 10.15.7,Chrome 117.0.0.0,1920x1080,1280x794,,,,"Ethnic Identity 7-point scale - Sidanius et al., 2008",2,MaleBranch,,Male_InIn,No,EIS3,5
5,1695232328143,20/09/2023 17:52:08,1695232327838,-7,20/09/2023 10:52:07,139457,3,questionnaire-iqsy,,31767679,BLIND,9394741,,complete,,0312c0f5-ddef-41c7-8638-97ab45ddb5e4,computer,Desktop or Laptop,Mac OS 10.15.7,Chrome 117.0.0.0,1920x1080,1280x794,,,,"Ethnic Identity 7-point scale - Sidanius et al., 2008",2,MaleBranch,,Male_InIn,No,EIS4,5
6,1695232328143,20/09/2023 17:52:08,1695232327838,-7,20/09/2023 10:52:07,139457,3,questionnaire-iqsy,,31767679,BLIND,9394741,,complete,,0312c0f5-ddef-41c7-8638-97ab45ddb5e4,computer,Desktop or Laptop,Mac OS 10.15.7,Chrome 117.0.0.0,1920x1080,1280x794,,,,"Ethnic Identity 7-point scale - Sidanius et al., 2008",2,MaleBranch,,Male_InIn,No,END QUESTIONNAIRE,19247
1,1695232457532,20/09/2023 17:54:17,1695232457316,-4,20/09/2023 13:54:17,139457,3,questionnaire-iqsy,,31767718,BLIND,9394778,,complete,,8c4a0ad0-4b08-47f5-81ab-3de512835f8b,computer,Desktop or Laptop,Mac OS 10.15.7,Chrome 116.0.0.0,2560x1440,1780x1222,,,,"Ethnic Identity 7-point scale - Sidanius et al., 2008",2,MaleBranch,,Male_InOut_Swap,No,BEGIN QUESTIONNAIRE,
2,1695232473911,20/09/2023 17:54:33,1695232473817,-4,20/09/2023 13:54:33,139457,3,questionnaire-iqsy,,31767718,BLIND,9394778,,complete,,8c4a0ad0-4b08-47f5-81ab-3de512835f8b,computer,Desktop or Laptop,Mac OS 10.15.7,Chrome 116.0.0.0,2560x1440,1780x1222,,,,"Ethnic Identity 7-point scale - Sidanius et al., 2008",2,MaleBranch,,Male_InOut_Swap,No,EIS1,6
3,1695232474081,20/09/2023 17:54:34,1695232473818,-4,20/09/2023 13:54:33,139457,3,questionnaire-iqsy,,31767718,BLIND,9394778,,complete,,8c4a0ad0-4b08-47f5-81ab-3de512835f8b,computer,Desktop or Laptop,Mac OS 10.15.7,Chrome 116.0.0.0,2560x1440,1780x1222,,,,"Ethnic Identity 7-point scale - Sidanius et al., 2008",2,MaleBranch,,Male_InOut_Swap,No,EIS2,7
4,1695232474081,20/09/2023 17:54:34,1695232473818,-4,20/09/2023 13:54:33,139457,3,questionnaire-iqsy,,31767718,BLIND,9394778,,complete,,8c4a0ad0-4b08-47f5-81ab-3de512835f8b,computer,Desktop or Laptop,Mac OS 10.15.7,Chrome 116.0.0.0,2560x1440,1780x1222,,,,"Ethnic Identity 7-point scale - Sidanius et al., 2008",2,MaleBranch,,Male_InOut_Swap,No,EIS3,7
5,1695232474081,20/09/2023 17:54:34,1695232473818,-4,20/09/2023 13:54:33,139457,3,questionnaire-iqsy,,31767718,BLIND,9394778,,complete,,8c4a0ad0-4b08-47f5-81ab-3de512835f8b,computer,Desktop or Laptop,Mac OS 10.15.7,Chrome 116.0.0.0,2560x1440,1780x1222,,,,"Ethnic Identity 7-point scale - Sidanius et al., 2008",2,MaleBranch,,Male_InOut_Swap,No,EIS4,6
6,1695232474081,20/09/2023 17:54:34,1695232473818,-4,20/09/2023 13:54:33,139457,3,questionnaire-iqsy,,31767718,BLIND,9394778,,complete,,8c4a0ad0-4b08-47f5-81ab-3de512835f8b,computer,Desktop or Laptop,Mac OS 10.15.7,Chrome 116.0.0.0,2560x1440,1780x1222,,,,"Ethnic Identity 7-point scale - Sidanius et al., 2008",2,MaleBranch,,Male_InOut_Swap,No,END QUESTIONNAIRE,16502
1,1695232524946,20/09/2023 17:55:24,1695232524736,-4,20/09/2023 13:55:24,139457,3,questionnaire-iqsy,,31767730,BLIND,9394818,,complete,,fb2926c5-f472-4421-bcf0-e96c1d26dfc8,computer,Desktop or Laptop,Windows 10,Chrome 116.0.0.0,1920x1080,1924x894,,,,"Ethnic Identity 7-point scale - Sidanius et al., 2008",2,MaleBranch,,Male_InOut_Swap,No,BEGIN QUESTIONNAIRE,
2,1695232543673,20/09/2023 17:55:43,1695232543516,-4,20/09/2023 13:55:43,139457,3,questionnaire-iqsy,,31767730,BLIND,9394818,,complete,,fb2926c5-f472-4421-bcf0-e96c1d26dfc8,computer,Desktop or Laptop,Windows 10,Chrome 116.0.0.0,1920x1080,1907x894,,,,"Ethnic Identity 7-point scale - Sidanius et al., 2008",2,MaleBranch,,Male_InOut_Swap,No,EIS1,2
3,1695232543812,20/09/2023 17:55:43,1695232543517,-4,20/09/2023 13:55:43,139457,3,questionnaire-iqsy,,31767730,BLIND,9394818,,complete,,fb2926c5-f472-4421-bcf0-e96c1d26dfc8,computer,Desktop or Laptop,Windows 10,Chrome 116.0.0.0,1920x1080,1907x894,,,,"Ethnic Identity 7-point scale - Sidanius et al., 2008",2,MaleBranch,,Male_InOut_Swap,No,EIS2,4
4,1695232543812,20/09/2023 17:55:43,1695232543518,-4,20/09/2023 13:55:43,139457,3,questionnaire-iqsy,,31767730,BLIND,9394818,,complete,,fb2926c5-f472-4421-bcf0-e96c1d26dfc8,computer,Desktop or Laptop,Windows 10,Chrome 116.0.0.0,1920x1080,1907x894,,,,"Ethnic Identity 7-point scale - Sidanius et al., 2008",2,MaleBranch,,Male_InOut_Swap,No,EIS3,3
5,1695232543812,20/09/2023 17:55:43,1695232543518,-4,20/09/2023 13:55:43,139457,3,questionnaire-iqsy,,31767730,BLIND,9394818,,complete,,fb2926c5-f472-4421-bcf0-e96c1d26dfc8,computer,Desktop or Laptop,Windows 10,Chrome 116.0.0.0,1920x1080,1907x894,,,,"Ethnic Identity 7-point scale - Sidanius et al., 2008",2,MaleBranch,,Male_InOut_Swap,No,EIS4,2
6,1695232543812,20/09/2023 17:55:43,1695232543518,-4,20/09/2023 13:55:43,139457,3,questionnaire-iqsy,,31767730,BLIND,9394818,,complete,,fb2926c5-f472-4421-bcf0-e96c1d26dfc8,computer,Desktop or Laptop,Windows 10,Chrome 116.0.0.0,1920x1080,1907x894,,,,"Ethnic Identity 7-point scale - Sidanius et al., 2008",2,MaleBranch,,Male_InOut_Swap,No,END QUESTIONNAIRE,18782
1,1695234751037,20/09/2023 18:32:31,1695234750614,-7,20/09/2023 11:32:30,139457,3,questionnaire-iqsy,,31768333,BLIND,9394956,,complete,,71e26360-755e-48bc-a7fc-d792cfc9c0d5,computer,Desktop or Laptop,Mac OS 10.15.7,Chrome 117.0.0.0,1792x1120,1221x930,,,,"Ethnic Identity 7-point scale - Sidanius et al., 2008",2,FemaleBranch,Female_InIn,,No,BEGIN QUESTIONNAIRE,
2,1695234756334,20/09/2023 18:32:36,1695234755913,-7,20/09/2023 11:32:35,139457,3,questionnaire-iqsy,,31768333,BLIND,9394956,,complete,,71e26360-755e-48bc-a7fc-d792cfc9c0d5,computer,Desktop or Laptop,Mac OS 10.15.7,Chrome 117.0.0.0,1792x1120,1221x930,,,,"Ethnic Identity 7-point scale - Sidanius et al., 2008",2,FemaleBranch,Female_InIn,,No,EIS1,5
3,1695234756553,20/09/2023 18:32:36,1695234755914,-7,20/09/2023 11:32:35,139457,3,questionnaire-iqsy,,31768333,BLIND,9394956,,complete,,71e26360-755e-48bc-a7fc-d792cfc9c0d5,computer,Desktop or Laptop,Mac OS 10.15.7,Chrome 117.0.0.0,1792x1120,1221x930,,,,"Ethnic Identity 7-point scale - Sidanius et al., 2008",2,FemaleBranch,Female_InIn,,No,EIS2,4
4,1695234756553,20/09/2023 18:32:36,1695234755914,-7,20/09/2023 11:32:35,139457,3,questionnaire-iqsy,,31768333,BLIND,9394956,,complete,,71e26360-755e-48bc-a7fc-d792cfc9c0d5,computer,Desktop or Laptop,Mac OS 10.15.7,Chrome 117.0.0.0,1792x1120,1221x930,,,,"Ethnic Identity 7-point scale - Sidanius et al., 2008",2,FemaleBranch,Female_InIn,,No,EIS3,5
5,1695234756553,20/09/2023 18:32:36,1695234755914,-7,20/09/2023 11:32:35,139457,3,questionnaire-iqsy,,31768333,BLIND,9394956,,complete,,71e26360-755e-48bc-a7fc-d792cfc9c0d5,computer,Desktop or Laptop,Mac OS 10.15.7,Chrome 117.0.0.0,1792x1120,1221x930,,,,"Ethnic Identity 7-point scale - Sidanius et al., 2008",2,FemaleBranch,Female_InIn,,No,EIS4,4
6,1695234756553,20/09/2023 18:32:36,1695234755914,-7,20/09/2023 11:32:35,139457,3,questionnaire-iqsy,,31768333,BLIND,9394956,,complete,,71e26360-755e-48bc-a7fc-d792cfc9c0d5,computer,Desktop or Laptop,Mac OS 10.15.7,Chrome 117.0.0.0,1792x1120,1221x930,,,,"Ethnic Identity 7-point scale - Sidanius et al., 2008",2,FemaleBranch,Female_InIn,,No,END QUESTIONNAIRE,5300
1,1695237829837,20/09/2023 19:23:49,1695237827122,-6,20/09/2023 13:23:47,139457,3,questionnaire-iqsy,,31769013,BLIND,9395151,,complete,,1dbf23ca-341a-42ca-ae05-91be9f072223,computer,Desktop or Laptop,Windows 10,Firefox 117.0,1920x1080,1920x940,,,,"Ethnic Identity 7-point scale - Sidanius et al., 2008",2,FemaleBranch,Female_InIn,,No,BEGIN QUESTIONNAIRE,
2,1695237842609,20/09/2023 19:24:02,1695237839958,-6,20/09/2023 13:23:59,139457,3,questionnaire-iqsy,,31769013,BLIND,9395151,,complete,,1dbf23ca-341a-42ca-ae05-91be9f072223,computer,Desktop or Laptop,Windows 10,Firefox 117.0,1920x1080,1903x940,,,,"Ethnic Identity 7-point scale - Sidanius et al., 2008",2,FemaleBranch,Female_InIn,,No,EIS1,5
3,1695237842774,20/09/2023 19:24:02,1695237839960,-6,20/09/2023 13:23:59,139457,3,questionnaire-iqsy,,31769013,BLIND,9395151,,complete,,1dbf23ca-341a-42ca-ae05-91be9f072223,computer,Desktop or Laptop,Windows 10,Firefox 117.0,1920x1080,1903x940,,,,"Ethnic Identity 7-point scale - Sidanius et al., 2008",2,FemaleBranch,Female_InIn,,No,EIS2,5
4,1695237842774,20/09/2023 19:24:02,1695237839960,-6,20/09/2023 13:23:59,139457,3,questionnaire-iqsy,,31769013,BLIND,9395151,,complete,,1dbf23ca-341a-42ca-ae05-91be9f072223,computer,Desktop or Laptop,Windows 10,Firefox 117.0,1920x1080,1903x940,,,,"Ethnic Identity 7-point scale - Sidanius et al., 2008",2,FemaleBranch,Female_InIn,,No,EIS3,4
5,1695237842774,20/09/2023 19:24:02,1695237839960,-6,20/09/2023 13:23:59,139457,3,questionnaire-iqsy,,31769013,BLIND,9395151,,complete,,1dbf23ca-341a-42ca-ae05-91be9f072223,computer,Desktop or Laptop,Windows 10,Firefox 117.0,1920x1080,1903x940,,,,"Ethnic Identity 7-point scale - Sidanius et al., 2008",2,FemaleBranch,Female_InIn,,No,EIS4,4
6,1695237842774,20/09/2023 19:24:02,1695237839960,-6,20/09/2023 13:23:59,139457,3,questionnaire-iqsy,,31769013,BLIND,9395151,,complete,,1dbf23ca-341a-42ca-ae05-91be9f072223,computer,Desktop or Laptop,Windows 10,Firefox 117.0,1920x1080,1903x940,,,,"Ethnic Identity 7-point scale - Sidanius et al., 2008",2,FemaleBranch,Female_InIn,,No,END QUESTIONNAIRE,12838
1,1695239836821,20/09/2023 19:57:16,1695239836692,-4,20/09/2023 15:57:16,139457,3,questionnaire-iqsy,,31769501,BLIND,9395236,,complete,,9c70ae8b-17fd-47f5-88b0-7180dec70af3,computer,Desktop or Laptop,Mac OS 10.15.7,Chrome 116.0.0.0,1440x900,1440x700,,,,"Ethnic Identity 7-point scale - Sidanius et al., 2008",2,FemaleBranch,Female_InIn,,No,BEGIN QUESTIONNAIRE,
2,1695239846835,20/09/2023 19:57:26,1695239846760,-4,20/09/2023 15:57:26,139457,3,questionnaire-iqsy,,31769501,BLIND,9395236,,complete,,9c70ae8b-17fd-47f5-88b0-7180dec70af3,computer,Desktop or Laptop,Mac OS 10.15.7,Chrome 116.0.0.0,1440x900,1440x700,,,,"Ethnic Identity 7-point scale - Sidanius et al., 2008",2,FemaleBranch,Female_InIn,,No,EIS1,7
3,1695239846989,20/09/2023 19:57:26,1695239846762,-4,20/09/2023 15:57:26,139457,3,questionnaire-iqsy,,31769501,BLIND,9395236,,complete,,9c70ae8b-17fd-47f5-88b0-7180dec70af3,computer,Desktop or Laptop,Mac OS 10.15.7,Chrome 116.0.0.0,1440x900,1440x700,,,,"Ethnic Identity 7-point scale - Sidanius et al., 2008",2,FemaleBranch,Female_InIn,,No,EIS2,7
4,1695239846989,20/09/2023 19:57:26,1695239846762,-4,20/09/2023 15:57:26,139457,3,questionnaire-iqsy,,31769501,BLIND,9395236,,complete,,9c70ae8b-17fd-47f5-88b0-7180dec70af3,computer,Desktop or Laptop,Mac OS 10.15.7,Chrome 116.0.0.0,1440x900,1440x700,,,,"Ethnic Identity 7-point scale - Sidanius et al., 2008",2,FemaleBranch,Female_InIn,,No,EIS3,7
5,1695239846989,20/09/2023 19:57:26,1695239846763,-4,20/09/2023 15:57:26,139457,3,questionnaire-iqsy,,31769501,BLIND,9395236,,complete,,9c70ae8b-17fd-47f5-88b0-7180dec70af3,computer,Desktop or Laptop,Mac OS 10.15.7,Chrome 116.0.0.0,1440x900,1440x700,,,,"Ethnic Identity 7-point scale - Sidanius et al., 2008",2,FemaleBranch,Female_InIn,,No,EIS4,5
6,1695239846989,20/09/2023 19:57:26,1695239846763,-4,20/09/2023 15:57:26,139457,3,questionnaire-iqsy,,31769501,BLIND,9395236,,complete,,9c70ae8b-17fd-47f5-88b0-7180dec70af3,computer,Desktop or Laptop,Mac OS 10.15.7,Chrome 116.0.0.0,1440x900,1440x700,,,,"Ethnic Identity 7-point scale - Sidanius et al., 2008",2,FemaleBranch,Female_InIn,,No,END QUESTIONNAIRE,10071
1,1695240617662,20/09/2023 20:10:17,1695240617492,-7,20/09/2023 13:10:17,139457,3,questionnaire-iqsy,,31769634,BLIND,9395284,,complete,,2b547422-ad75-439f-b76f-2a5e1beec5a9,computer,Desktop or Laptop,Mac OS 10.15.7,Chrome 116.0.0.0,1440x900,1440x815,,,,"Ethnic Identity 7-point scale - Sidanius et al., 2008",2,FemaleBranch,Female_InOut,,No,BEGIN QUESTIONNAIRE,
2,1695240633296,20/09/2023 20:10:33,1695240633152,-7,20/09/2023 13:10:33,139457,3,questionnaire-iqsy,,31769634,BLIND,9395284,,complete,,2b547422-ad75-439f-b76f-2a5e1beec5a9,computer,Desktop or Laptop,Mac OS 10.15.7,Chrome 116.0.0.0,1440x900,1440x815,,,,"Ethnic Identity 7-point scale - Sidanius et al., 2008",2,FemaleBranch,Female_InOut,,No,EIS1,6
3,1695240633490,20/09/2023 20:10:33,1695240633154,-7,20/09/2023 13:10:33,139457,3,questionnaire-iqsy,,31769634,BLIND,9395284,,complete,,2b547422-ad75-439f-b76f-2a5e1beec5a9,computer,Desktop or Laptop,Mac OS 10.15.7,Chrome 116.0.0.0,1440x900,1440x815,,,,"Ethnic Identity 7-point scale - Sidanius et al., 2008",2,FemaleBranch,Female_InOut,,No,EIS2,7
4,1695240633490,20/09/2023 20:10:33,1695240633154,-7,20/09/2023 13:10:33,139457,3,questionnaire-iqsy,,31769634,BLIND,9395284,,complete,,2b547422-ad75-439f-b76f-2a5e1beec5a9,computer,Desktop or Laptop,Mac OS 10.15.7,Chrome 116.0.0.0,1440x900,1440x815,,,,"Ethnic Identity 7-point scale - Sidanius et al., 2008",2,FemaleBranch,Female_InOut,,No,EIS3,7
5,1695240633490,20/09/2023 20:10:33,1695240633154,-7,20/09/2023 13:10:33,139457,3,questionnaire-iqsy,,31769634,BLIND,9395284,,complete,,2b547422-ad75-439f-b76f-2a5e1beec5a9,computer,Desktop or Laptop,Mac OS 10.15.7,Chrome 116.0.0.0,1440x900,1440x815,,,,"Ethnic Identity 7-point scale - Sidanius et al., 2008",2,FemaleBranch,Female_InOut,,No,EIS4,6
6,1695240633490,20/09/2023 20:10:33,1695240633154,-7,20/09/2023 13:10:33,139457,3,questionnaire-iqsy,,31769634,BLIND,9395284,,complete,,2b547422-ad75-439f-b76f-2a5e1beec5a9,computer,Desktop or Laptop,Mac OS 10.15.7,Chrome 116.0.0.0,1440x900,1440x815,,,,"Ethnic Identity 7-point scale - Sidanius et al., 2008",2,FemaleBranch,Female_InOut,,No,END QUESTIONNAIRE,15662
1,1695241659506,20/09/2023 20:27:39,1695241661438,-7,20/09/2023 13:27:41,139457,3,questionnaire-iqsy,,31769793,BLIND,9395347,,complete,,8857f1be-9a80-49b8-a8e7-223eceebd78c,computer,Desktop or Laptop,Windows 10,Chrome 116.0.0.0,1280x720,1920x857,,,,"Ethnic Identity 7-point scale - Sidanius et al., 2008",2,FemaleBranch,Female_InOut,,No,BEGIN QUESTIONNAIRE,
2,1695241678322,20/09/2023 20:27:58,1695241680308,-7,20/09/2023 13:28:00,139457,3,questionnaire-iqsy,,31769793,BLIND,9395347,,complete,,8857f1be-9a80-49b8-a8e7-223eceebd78c,computer,Desktop or Laptop,Windows 10,Chrome 116.0.0.0,1280x720,1895x857,,,,"Ethnic Identity 7-point scale - Sidanius et al., 2008",2,FemaleBranch,Female_InOut,,No,EIS1,5
3,1695241678528,20/09/2023 20:27:58,1695241680309,-7,20/09/2023 13:28:00,139457,3,questionnaire-iqsy,,31769793,BLIND,9395347,,complete,,8857f1be-9a80-49b8-a8e7-223eceebd78c,computer,Desktop or Laptop,Windows 10,Chrome 116.0.0.0,1280x720,1895x857,,,,"Ethnic Identity 7-point scale - Sidanius et al., 2008",2,FemaleBranch,Female_InOut,,No,EIS2,5
4,1695241678528,20/09/2023 20:27:58,1695241680309,-7,20/09/2023 13:28:00,139457,3,questionnaire-iqsy,,31769793,BLIND,9395347,,complete,,8857f1be-9a80-49b8-a8e7-223eceebd78c,computer,Desktop or Laptop,Windows 10,Chrome 116.0.0.0,1280x720,1895x857,,,,"Ethnic Identity 7-point scale - Sidanius et al., 2008",2,FemaleBranch,Female_InOut,,No,EIS3,5
5,1695241678528,20/09/2023 20:27:58,1695241680310,-7,20/09/2023 13:28:00,139457,3,questionnaire-iqsy,,31769793,BLIND,9395347,,complete,,8857f1be-9a80-49b8-a8e7-223eceebd78c,computer,Desktop or Laptop,Windows 10,Chrome 116.0.0.0,1280x720,1895x857,,,,"Ethnic Identity 7-point scale - Sidanius et al., 2008",2,FemaleBranch,Female_InOut,,No,EIS4,3
6,1695241678528,20/09/2023 20:27:58,1695241680310,-7,20/09/2023 13:28:00,139457,3,questionnaire-iqsy,,31769793,BLIND,9395347,,complete,,8857f1be-9a80-49b8-a8e7-223eceebd78c,computer,Desktop or Laptop,Windows 10,Chrome 116.0.0.0,1280x720,1895x857,,,,"Ethnic Identity 7-point scale - Sidanius et al., 2008",2,FemaleBranch,Female_InOut,,No,END QUESTIONNAIRE,18872
1,1695243384511,20/09/2023 20:56:24,1695243384401,-4,20/09/2023 16:56:24,139457,3,questionnaire-iqsy,,31770005,BLIND,9395401,,complete,,7688d789-e174-42ec-a390-0acb43662c4a,computer,Desktop or Laptop,Mac OS 10.15.7,Chrome 117.0.0.0,1445x832,1440x825,,,,"Ethnic Identity 7-point scale - Sidanius et al., 2008",2,FemaleBranch,Female_InOut,,No,BEGIN QUESTIONNAIRE,
2,1695243421588,20/09/2023 20:57:01,1695243421502,-4,20/09/2023 16:57:01,139457,3,questionnaire-iqsy,,31770005,BLIND,9395401,,complete,,7688d789-e174-42ec-a390-0acb43662c4a,computer,Desktop or Laptop,Mac OS 10.15.7,Chrome 117.0.0.0,1445x832,1440x825,,,,"Ethnic Identity 7-point scale - Sidanius et al., 2008",2,FemaleBranch,Female_InOut,,No,EIS1,2
3,1695243421710,20/09/2023 20:57:01,1695243421504,-4,20/09/2023 16:57:01,139457,3,questionnaire-iqsy,,31770005,BLIND,9395401,,complete,,7688d789-e174-42ec-a390-0acb43662c4a,computer,Desktop or Laptop,Mac OS 10.15.7,Chrome 117.0.0.0,1445x832,1440x825,,,,"Ethnic Identity 7-point scale - Sidanius et al., 2008",2,FemaleBranch,Female_InOut,,No,EIS2,2
4,1695243421710,20/09/2023 20:57:01,1695243421504,-4,20/09/2023 16:57:01,139457,3,questionnaire-iqsy,,31770005,BLIND,9395401,,complete,,7688d789-e174-42ec-a390-0acb43662c4a,computer,Desktop or Laptop,Mac OS 10.15.7,Chrome 117.0.0.0,1445x832,1440x825,,,,"Ethnic Identity 7-point scale - Sidanius et al., 2008",2,FemaleBranch,Female_InOut,,No,EIS3,3
5,1695243421710,20/09/2023 20:57:01,1695243421505,-4,20/09/2023 16:57:01,139457,3,questionnaire-iqsy,,31770005,BLIND,9395401,,complete,,7688d789-e174-42ec-a390-0acb43662c4a,computer,Desktop or Laptop,Mac OS 10.15.7,Chrome 117.0.0.0,1445x832,1440x825,,,,"Ethnic Identity 7-point scale - Sidanius et al., 2008",2,FemaleBranch,Female_InOut,,No,EIS4,1
6,1695243421710,20/09/2023 20:57:01,1695243421505,-4,20/09/2023 16:57:01,139457,3,questionnaire-iqsy,,31770005,BLIND,9395401,,complete,,7688d789-e174-42ec-a390-0acb43662c4a,computer,Desktop or Laptop,Mac OS 10.15.7,Chrome 117.0.0.0,1445x832,1440x825,,,,"Ethnic Identity 7-point scale - Sidanius et al., 2008",2,FemaleBranch,Female_InOut,,No,END QUESTIONNAIRE,37104
1,1695244875525,20/09/2023 21:21:15,1695244876694,-7,20/09/2023 14:21:16,139457,3,questionnaire-iqsy,,31770211,BLIND,9395451,,complete,,38b2502c-4c83-4aa2-9775-7b103eadc0c5,computer,Desktop or Laptop,Windows 10,Avast Secure Browser 116.0.0.0,1366x768,1366x768,,,,"Ethnic Identity 7-point scale - Sidanius et al., 2008",2,FemaleBranch,Female_InOut,,No,BEGIN QUESTIONNAIRE,
2,1695244891882,20/09/2023 21:21:31,1695244892865,-7,20/09/2023 14:21:32,139457,3,questionnaire-iqsy,,31770211,BLIND,9395451,,complete,,38b2502c-4c83-4aa2-9775-7b103eadc0c5,computer,Desktop or Laptop,Windows 10,Avast Secure Browser 116.0.0.0,1366x768,1349x768,,,,"Ethnic Identity 7-point scale - Sidanius et al., 2008",2,FemaleBranch,Female_InOut,,No,EIS1,5
3,1695244892090,20/09/2023 21:21:32,1695244892869,-7,20/09/2023 14:21:32,139457,3,questionnaire-iqsy,,31770211,BLIND,9395451,,complete,,38b2502c-4c83-4aa2-9775-7b103eadc0c5,computer,Desktop or Laptop,Windows 10,Avast Secure Browser 116.0.0.0,1366x768,1349x768,,,,"Ethnic Identity 7-point scale - Sidanius et al., 2008",2,FemaleBranch,Female_InOut,,No,EIS2,5
4,1695244892090,20/09/2023 21:21:32,1695244892870,-7,20/09/2023 14:21:32,139457,3,questionnaire-iqsy,,31770211,BLIND,9395451,,complete,,38b2502c-4c83-4aa2-9775-7b103eadc0c5,computer,Desktop or Laptop,Windows 10,Avast Secure Browser 116.0.0.0,1366x768,1349x768,,,,"Ethnic Identity 7-point scale - Sidanius et al., 2008",2,FemaleBranch,Female_InOut,,No,EIS3,4
5,1695244892090,20/09/2023 21:21:32,1695244892870,-7,20/09/2023 14:21:32,139457,3,questionnaire-iqsy,,31770211,BLIND,9395451,,complete,,38b2502c-4c83-4aa2-9775-7b103eadc0c5,computer,Desktop or Laptop,Windows 10,Avast Secure Browser 116.0.0.0,1366x768,1349x768,,,,"Ethnic Identity 7-point scale - Sidanius et al., 2008",2,FemaleBranch,Female_InOut,,No,EIS4,5
6,1695244892090,20/09/2023 21:21:32,1695244892871,-7,20/09/2023 14:21:32,139457,3,questionnaire-iqsy,,31770211,BLIND,9395451,,complete,,38b2502c-4c83-4aa2-9775-7b103eadc0c5,computer,Desktop or Laptop,Windows 10,Avast Secure Browser 116.0.0.0,1366x768,1349x768,,,,"Ethnic Identity 7-point scale - Sidanius et al., 2008",2,FemaleBranch,Female_InOut,,No,END QUESTIONNAIRE,16177
1,1695244847847,20/09/2023 21:20:47,1695244844805,-7,20/09/2023 14:20:44,139457,3,questionnaire-iqsy,,31770207,BLIND,9395458,,complete,,1f46d187-7874-4eb0-a01c-4a13d9712c69,computer,Desktop or Laptop,Windows 10,Chrome 117.0.0.0,1280x720,1600x900,,,,"Ethnic Identity 7-point scale - Sidanius et al., 2008",2,FemaleBranch,Female_InOut,,No,BEGIN QUESTIONNAIRE,
2,1695244858471,20/09/2023 21:20:58,1695244855487,-7,20/09/2023 14:20:55,139457,3,questionnaire-iqsy,,31770207,BLIND,9395458,,complete,,1f46d187-7874-4eb0-a01c-4a13d9712c69,computer,Desktop or Laptop,Windows 10,Chrome 117.0.0.0,1280x720,1579x900,,,,"Ethnic Identity 7-point scale - Sidanius et al., 2008",2,FemaleBranch,Female_InOut,,No,EIS1,6
3,1695244858678,20/09/2023 21:20:58,1695244855488,-7,20/09/2023 14:20:55,139457,3,questionnaire-iqsy,,31770207,BLIND,9395458,,complete,,1f46d187-7874-4eb0-a01c-4a13d9712c69,computer,Desktop or Laptop,Windows 10,Chrome 117.0.0.0,1280x720,1579x900,,,,"Ethnic Identity 7-point scale - Sidanius et al., 2008",2,FemaleBranch,Female_InOut,,No,EIS2,6
4,1695244858678,20/09/2023 21:20:58,1695244855489,-7,20/09/2023 14:20:55,139457,3,questionnaire-iqsy,,31770207,BLIND,9395458,,complete,,1f46d187-7874-4eb0-a01c-4a13d9712c69,computer,Desktop or Laptop,Windows 10,Chrome 117.0.0.0,1280x720,1579x900,,,,"Ethnic Identity 7-point scale - Sidanius et al., 2008",2,FemaleBranch,Female_InOut,,No,EIS3,6
5,1695244858678,20/09/2023 21:20:58,1695244855489,-7,20/09/2023 14:20:55,139457,3,questionnaire-iqsy,,31770207,BLIND,9395458,,complete,,1f46d187-7874-4eb0-a01c-4a13d9712c69,computer,Desktop or Laptop,Windows 10,Chrome 117.0.0.0,1280x720,1579x900,,,,"Ethnic Identity 7-point scale - Sidanius et al., 2008",2,FemaleBranch,Female_InOut,,No,EIS4,6
6,1695244858678,20/09/2023 21:20:58,1695244855489,-7,20/09/2023 14:20:55,139457,3,questionnaire-iqsy,,31770207,BLIND,9395458,,complete,,1f46d187-7874-4eb0-a01c-4a13d9712c69,computer,Desktop or Laptop,Windows 10,Chrome 117.0.0.0,1280x720,1579x900,,,,"Ethnic Identity 7-point scale - Sidanius et al., 2008",2,FemaleBranch,Female_InOut,,No,END QUESTIONNAIRE,10684
1,1695240585167,20/09/2023 20:09:45,1695240584993,-4,20/09/2023 16:09:44,139457,3,questionnaire-iqsy,,31769626,BLIND,9395261,,complete,,bde74511-6fb4-44ac-80d6-6af8df9ea3b9,computer,Desktop or Laptop,Mac OS 10.15.7,Chrome 116.0.0.0,1440x900,1440x783,,,,"Ethnic Identity 7-point scale - Sidanius et al., 2008",2,FemaleBranch,Female_InOut_Swap,,No,BEGIN QUESTIONNAIRE,
2,1695240610851,20/09/2023 20:10:10,1695240610679,-4,20/09/2023 16:10:10,139457,3,questionnaire-iqsy,,31769626,BLIND,9395261,,complete,,bde74511-6fb4-44ac-80d6-6af8df9ea3b9,computer,Desktop or Laptop,Mac OS 10.15.7,Chrome 116.0.0.0,1440x900,1440x783,,,,"Ethnic Identity 7-point scale - Sidanius et al., 2008",2,FemaleBranch,Female_InOut_Swap,,No,EIS1,6
3,1695240610992,20/09/2023 20:10:10,1695240610683,-4,20/09/2023 16:10:10,139457,3,questionnaire-iqsy,,31769626,BLIND,9395261,,complete,,bde74511-6fb4-44ac-80d6-6af8df9ea3b9,computer,Desktop or Laptop,Mac OS 10.15.7,Chrome 116.0.0.0,1440x900,1440x783,,,,"Ethnic Identity 7-point scale - Sidanius et al., 2008",2,FemaleBranch,Female_InOut_Swap,,No,EIS2,6
4,1695240610992,20/09/2023 20:10:10,1695240610683,-4,20/09/2023 16:10:10,139457,3,questionnaire-iqsy,,31769626,BLIND,9395261,,complete,,bde74511-6fb4-44ac-80d6-6af8df9ea3b9,computer,Desktop or Laptop,Mac OS 10.15.7,Chrome 116.0.0.0,1440x900,1440x783,,,,"Ethnic Identity 7-point scale - Sidanius et al., 2008",2,FemaleBranch,Female_InOut_Swap,,No,EIS3,6
5,1695240610992,20/09/2023 20:10:10,1695240610683,-4,20/09/2023 16:10:10,139457,3,questionnaire-iqsy,,31769626,BLIND,9395261,,complete,,bde74511-6fb4-44ac-80d6-6af8df9ea3b9,computer,Desktop or Laptop,Mac OS 10.15.7,Chrome 116.0.0.0,1440x900,1440x783,,,,"Ethnic Identity 7-point scale - Sidanius et al., 2008",2,FemaleBranch,Female_InOut_Swap,,No,EIS4,6
6,1695240610992,20/09/2023 20:10:10,1695240610683,-4,20/09/2023 16:10:10,139457,3,questionnaire-iqsy,,31769626,BLIND,9395261,,complete,,bde74511-6fb4-44ac-80d6-6af8df9ea3b9,computer,Desktop or Laptop,Mac OS 10.15.7,Chrome 116.0.0.0,1440x900,1440x783,,,,"Ethnic Identity 7-point scale - Sidanius et al., 2008",2,FemaleBranch,Female_InOut_Swap,,No,END QUESTIONNAIRE,25690
1,1695240379715,20/09/2023 20:06:19,1695240379555,-7,20/09/2023 13:06:19,139457,3,questionnaire-iqsy,,31769596,BLIND,9395281,,complete,,6753461c-c378-4689-b097-4d0b8d08faa0,computer,Desktop or Laptop,Mac OS 10.15.7,Safari 16.5,1440x900,1381x795,,,,"Ethnic Identity 7-point scale - Sidanius et al., 2008",2,FemaleBranch,Female_InIn,,No,BEGIN QUESTIONNAIRE,
2,1695240389846,20/09/2023 20:06:29,1695240389715,-7,20/09/2023 13:06:29,139457,3,questionnaire-iqsy,,31769596,BLIND,9395281,,complete,,6753461c-c378-4689-b097-4d0b8d08faa0,computer,Desktop or Laptop,Mac OS 10.15.7,Safari 16.5,1440x900,1381x795,,,,"Ethnic Identity 7-point scale - Sidanius et al., 2008",2,FemaleBranch,Female_InIn,,No,EIS1,6
3,1695240390019,20/09/2023 20:06:30,1695240389720,-7,20/09/2023 13:06:29,139457,3,questionnaire-iqsy,,31769596,BLIND,9395281,,complete,,6753461c-c378-4689-b097-4d0b8d08faa0,computer,Desktop or Laptop,Mac OS 10.15.7,Safari 16.5,1440x900,1381x795,,,,"Ethnic Identity 7-point scale - Sidanius et al., 2008",2,FemaleBranch,Female_InIn,,No,EIS2,7
4,1695240390019,20/09/2023 20:06:30,1695240389721,-7,20/09/2023 13:06:29,139457,3,questionnaire-iqsy,,31769596,BLIND,9395281,,complete,,6753461c-c378-4689-b097-4d0b8d08faa0,computer,Desktop or Laptop,Mac OS 10.15.7,Safari 16.5,1440x900,1381x795,,,,"Ethnic Identity 7-point scale - Sidanius et al., 2008",2,FemaleBranch,Female_InIn,,No,EIS3,7
5,1695240390019,20/09/2023 20:06:30,1695240389721,-7,20/09/2023 13:06:29,139457,3,questionnaire-iqsy,,31769596,BLIND,9395281,,complete,,6753461c-c378-4689-b097-4d0b8d08faa0,computer,Desktop or Laptop,Mac OS 10.15.7,Safari 16.5,1440x900,1381x795,,,,"Ethnic Identity 7-point scale - Sidanius et al., 2008",2,FemaleBranch,Female_InIn,,No,EIS4,6
6,1695240390019,20/09/2023 20:06:30,1695240389721,-7,20/09/2023 13:06:29,139457,3,questionnaire-iqsy,,31769596,BLIND,9395281,,complete,,6753461c-c378-4689-b097-4d0b8d08faa0,computer,Desktop or Laptop,Mac OS 10.15.7,Safari 16.5,1440x900,1381x795,,,,"Ethnic Identity 7-point scale - Sidanius et al., 2008",2,FemaleBranch,Female_InIn,,No,END QUESTIONNAIRE,10167
1,1695239537973,20/09/2023 19:52:17,1695239537844,-7,20/09/2023 12:52:17,139457,3,questionnaire-iqsy,,31769439,BLIND,9395221,,complete,,8fa29cc3-676a-45a9-a955-0df04c6af831,computer,Desktop or Laptop,Windows 10,Chrome 116.0.0.0,2560x1440,2560x1291,,,,"Ethnic Identity 7-point scale - Sidanius et al., 2008",2,FemaleBranch,Female_InIn,,No,BEGIN QUESTIONNAIRE,
2,1695239550482,20/09/2023 19:52:30,1695239550358,-7,20/09/2023 12:52:30,139457,3,questionnaire-iqsy,,31769439,BLIND,9395221,,complete,,8fa29cc3-676a-45a9-a955-0df04c6af831,computer,Desktop or Laptop,Windows 10,Chrome 116.0.0.0,2560x1440,2560x1291,,,,"Ethnic Identity 7-point scale - Sidanius et al., 2008",2,FemaleBranch,Female_InIn,,No,EIS1,5
3,1695239550664,20/09/2023 19:52:30,1695239550359,-7,20/09/2023 12:52:30,139457,3,questionnaire-iqsy,,31769439,BLIND,9395221,,complete,,8fa29cc3-676a-45a9-a955-0df04c6af831,computer,Desktop or Laptop,Windows 10,Chrome 116.0.0.0,2560x1440,2560x1291,,,,"Ethnic Identity 7-point scale - Sidanius et al., 2008",2,FemaleBranch,Female_InIn,,No,EIS2,5
4,1695239550664,20/09/2023 19:52:30,1695239550359,-7,20/09/2023 12:52:30,139457,3,questionnaire-iqsy,,31769439,BLIND,9395221,,complete,,8fa29cc3-676a-45a9-a955-0df04c6af831,computer,Desktop or Laptop,Windows 10,Chrome 116.0.0.0,2560x1440,2560x1291,,,,"Ethnic Identity 7-point scale - Sidanius et al., 2008",2,FemaleBranch,Female_InIn,,No,EIS3,5
5,1695239550664,20/09/2023 19:52:30,1695239550359,-7,20/09/2023 12:52:30,139457,3,questionnaire-iqsy,,31769439,BLIND,9395221,,complete,,8fa29cc3-676a-45a9-a955-0df04c6af831,computer,Desktop or Laptop,Windows 10,Chrome 116.0.0.0,2560x1440,2560x1291,,,,"Ethnic Identity 7-point scale - Sidanius et al., 2008",2,FemaleBranch,Female_InIn,,No,EIS4,5
6,1695239550664,20/09/2023 19:52:30,1695239550359,-7,20/09/2023 12:52:30,139457,3,questionnaire-iqsy,,31769439,BLIND,9395221,,complete,,8fa29cc3-676a-45a9-a955-0df04c6af831,computer,Desktop or Laptop,Windows 10,Chrome 116.0.0.0,2560x1440,2560x1291,,,,"Ethnic Identity 7-point scale - Sidanius et al., 2008",2,FemaleBranch,Female_InIn,,No,END QUESTIONNAIRE,12515
1,1695238978013,20/09/2023 19:42:58,1695238977779,-4,20/09/2023 15:42:57,139457,3,questionnaire-iqsy,,31769290,BLIND,9395179,,complete,,4d02edf5-3139-413c-8e24-cd19a2a1efa9,computer,Desktop or Laptop,Mac OS 10.15.7,Chrome 116.0.0.0,1440x900,1440x815,,,,"Ethnic Identity 7-point scale - Sidanius et al., 2008",2,FemaleBranch,Female_InOut_Swap,,No,BEGIN QUESTIONNAIRE,
2,1695238995657,20/09/2023 19:43:15,1695238995461,-4,20/09/2023 15:43:15,139457,3,questionnaire-iqsy,,31769290,BLIND,9395179,,complete,,4d02edf5-3139-413c-8e24-cd19a2a1efa9,computer,Desktop or Laptop,Mac OS 10.15.7,Chrome 116.0.0.0,1440x900,1425x815,,,,"Ethnic Identity 7-point scale - Sidanius et al., 2008",2,FemaleBranch,Female_InOut_Swap,,No,EIS1,4
3,1695238995744,20/09/2023 19:43:15,1695238995462,-4,20/09/2023 15:43:15,139457,3,questionnaire-iqsy,,31769290,BLIND,9395179,,complete,,4d02edf5-3139-413c-8e24-cd19a2a1efa9,computer,Desktop or Laptop,Mac OS 10.15.7,Chrome 116.0.0.0,1440x900,1425x815,,,,"Ethnic Identity 7-point scale - Sidanius et al., 2008",2,FemaleBranch,Female_InOut_Swap,,No,EIS2,4
4,1695238995744,20/09/2023 19:43:15,1695238995462,-4,20/09/2023 15:43:15,139457,3,questionnaire-iqsy,,31769290,BLIND,9395179,,complete,,4d02edf5-3139-413c-8e24-cd19a2a1efa9,computer,Desktop or Laptop,Mac OS 10.15.7,Chrome 116.0.0.0,1440x900,1425x815,,,,"Ethnic Identity 7-point scale - Sidanius et al., 2008",2,FemaleBranch,Female_InOut_Swap,,No,EIS3,4
5,1695238995744,20/09/2023 19:43:15,1695238995462,-4,20/09/2023 15:43:15,139457,3,questionnaire-iqsy,,31769290,BLIND,9395179,,complete,,4d02edf5-3139-413c-8e24-cd19a2a1efa9,computer,Desktop or Laptop,Mac OS 10.15.7,Chrome 116.0.0.0,1440x900,1425x815,,,,"Ethnic Identity 7-point scale - Sidanius et al., 2008",2,FemaleBranch,Female_InOut_Swap,,No,EIS4,6
6,1695238995744,20/09/2023 19:43:15,1695238995462,-4,20/09/2023 15:43:15,139457,3,questionnaire-iqsy,,31769290,BLIND,9395179,,complete,,4d02edf5-3139-413c-8e24-cd19a2a1efa9,computer,Desktop or Laptop,Mac OS 10.15.7,Chrome 116.0.0.0,1440x900,1425x815,,,,"Ethnic Identity 7-point scale - Sidanius et al., 2008",2,FemaleBranch,Female_InOut_Swap,,No,END QUESTIONNAIRE,17683
1,1695238268101,20/09/2023 19:31:08,1695238266267,-4,20/09/2023 15:31:06,139457,3,questionnaire-iqsy,,31769115,BLIND,9395098,,complete,,a849779c-e4c3-4c7d-8c77-dee7977331f9,computer,Desktop or Laptop,Windows 10,Chrome 116.0.0.0,1536x864,1707x960,,,,"Ethnic Identity 7-point scale - Sidanius et al., 2008",2,FemaleBranch,Female_InIn_Swap,,No,BEGIN QUESTIONNAIRE,
2,1695238282732,20/09/2023 19:31:22,1695238280943,-4,20/09/2023 15:31:20,139457,3,questionnaire-iqsy,,31769115,BLIND,9395098,,complete,,a849779c-e4c3-4c7d-8c77-dee7977331f9,computer,Desktop or Laptop,Windows 10,Chrome 116.0.0.0,1536x864,1688x960,,,,"Ethnic Identity 7-point scale - Sidanius et al., 2008",2,FemaleBranch,Female_InIn_Swap,,No,EIS1,5
3,1695238282853,20/09/2023 19:31:22,1695238280944,-4,20/09/2023 15:31:20,139457,3,questionnaire-iqsy,,31769115,BLIND,9395098,,complete,,a849779c-e4c3-4c7d-8c77-dee7977331f9,computer,Desktop or Laptop,Windows 10,Chrome 116.0.0.0,1536x864,1688x960,,,,"Ethnic Identity 7-point scale - Sidanius et al., 2008",2,FemaleBranch,Female_InIn_Swap,,No,EIS2,6
4,1695238282853,20/09/2023 19:31:22,1695238280945,-4,20/09/2023 15:31:20,139457,3,questionnaire-iqsy,,31769115,BLIND,9395098,,complete,,a849779c-e4c3-4c7d-8c77-dee7977331f9,computer,Desktop or Laptop,Windows 10,Chrome 116.0.0.0,1536x864,1688x960,,,,"Ethnic Identity 7-point scale - Sidanius et al., 2008",2,FemaleBranch,Female_InIn_Swap,,No,EIS3,5
5,1695238282853,20/09/2023 19:31:22,1695238280945,-4,20/09/2023 15:31:20,139457,3,questionnaire-iqsy,,31769115,BLIND,9395098,,complete,,a849779c-e4c3-4c7d-8c77-dee7977331f9,computer,Desktop or Laptop,Windows 10,Chrome 116.0.0.0,1536x864,1688x960,,,,"Ethnic Identity 7-point scale - Sidanius et al., 2008",2,FemaleBranch,Female_InIn_Swap,,No,EIS4,4
6,1695238282853,20/09/2023 19:31:22,1695238280945,-4,20/09/2023 15:31:20,139457,3,questionnaire-iqsy,,31769115,BLIND,9395098,,complete,,a849779c-e4c3-4c7d-8c77-dee7977331f9,computer,Desktop or Laptop,Windows 10,Chrome 116.0.0.0,1536x864,1688x960,,,,"Ethnic Identity 7-point scale - Sidanius et al., 2008",2,FemaleBranch,Female_InIn_Swap,,No,END QUESTIONNAIRE,14678
1,1695237364828,20/09/2023 19:16:04,1695237364701,-5,20/09/2023 14:16:04,139457,3,questionnaire-iqsy,,31768937,BLIND,9395094,,complete,,668fd99c-0dfa-4a6f-9fbc-9e0423a07203,computer,Desktop or Laptop,Mac OS 10.15.7,Chrome 116.0.0.0,1280x800,1237x663,,,,"Ethnic Identity 7-point scale - Sidanius et al., 2008",2,FemaleBranch,Female_InOut_Swap,,No,BEGIN QUESTIONNAIRE,
2,1695237384180,20/09/2023 19:16:24,1695237384102,-5,20/09/2023 14:16:24,139457,3,questionnaire-iqsy,,31768937,BLIND,9395094,,complete,,668fd99c-0dfa-4a6f-9fbc-9e0423a07203,computer,Desktop or Laptop,Mac OS 10.15.7,Chrome 116.0.0.0,1280x800,1222x663,,,,"Ethnic Identity 7-point scale - Sidanius et al., 2008",2,FemaleBranch,Female_InOut_Swap,,No,EIS1,4
3,1695237384305,20/09/2023 19:16:24,1695237384104,-5,20/09/2023 14:16:24,139457,3,questionnaire-iqsy,,31768937,BLIND,9395094,,complete,,668fd99c-0dfa-4a6f-9fbc-9e0423a07203,computer,Desktop or Laptop,Mac OS 10.15.7,Chrome 116.0.0.0,1280x800,1222x663,,,,"Ethnic Identity 7-point scale - Sidanius et al., 2008",2,FemaleBranch,Female_InOut_Swap,,No,EIS2,5
4,1695237384305,20/09/2023 19:16:24,1695237384104,-5,20/09/2023 14:16:24,139457,3,questionnaire-iqsy,,31768937,BLIND,9395094,,complete,,668fd99c-0dfa-4a6f-9fbc-9e0423a07203,computer,Desktop or Laptop,Mac OS 10.15.7,Chrome 116.0.0.0,1280x800,1222x663,,,,"Ethnic Identity 7-point scale - Sidanius et al., 2008",2,FemaleBranch,Female_InOut_Swap,,No,EIS3,5
5,1695237384305,20/09/2023 19:16:24,1695237384105,-5,20/09/2023 14:16:24,139457,3,questionnaire-iqsy,,31768937,BLIND,9395094,,complete,,668fd99c-0dfa-4a6f-9fbc-9e0423a07203,computer,Desktop or Laptop,Mac OS 10.15.7,Chrome 116.0.0.0,1280x800,1222x663,,,,"Ethnic Identity 7-point scale - Sidanius et al., 2008",2,FemaleBranch,Female_InOut_Swap,,No,EIS4,4
6,1695237384305,20/09/2023 19:16:24,1695237384105,-5,20/09/2023 14:16:24,139457,3,questionnaire-iqsy,,31768937,BLIND,9395094,,complete,,668fd99c-0dfa-4a6f-9fbc-9e0423a07203,computer,Desktop or Laptop,Mac OS 10.15.7,Chrome 116.0.0.0,1280x800,1222x663,,,,"Ethnic Identity 7-point scale - Sidanius et al., 2008",2,FemaleBranch,Female_InOut_Swap,,No,END QUESTIONNAIRE,19404
1,1695236001865,20/09/2023 18:53:21,1695236000576,-4,20/09/2023 14:53:20,139457,3,questionnaire-iqsy,,31768634,BLIND,9394925,,complete,,03fb189f-d195-4566-9819-2b80a17b9eaa,computer,Desktop or Laptop,Windows 10,Chrome 116.0.0.0,1536x864,1536x715,,,,"Ethnic Identity 7-point scale - Sidanius et al., 2008",2,FemaleBranch,Female_InIn_Swap,,No,BEGIN QUESTIONNAIRE,
2,1695236006878,20/09/2023 18:53:26,1695236005645,-4,20/09/2023 14:53:25,139457,3,questionnaire-iqsy,,31768634,BLIND,9394925,,complete,,03fb189f-d195-4566-9819-2b80a17b9eaa,computer,Desktop or Laptop,Windows 10,Chrome 116.0.0.0,1536x864,1519x715,,,,"Ethnic Identity 7-point scale - Sidanius et al., 2008",2,FemaleBranch,Female_InIn_Swap,,No,EIS1,5
3,1695236007046,20/09/2023 18:53:27,1695236005646,-4,20/09/2023 14:53:25,139457,3,questionnaire-iqsy,,31768634,BLIND,9394925,,complete,,03fb189f-d195-4566-9819-2b80a17b9eaa,computer,Desktop or Laptop,Windows 10,Chrome 116.0.0.0,1536x864,1519x715,,,,"Ethnic Identity 7-point scale - Sidanius et al., 2008",2,FemaleBranch,Female_InIn_Swap,,No,EIS2,5
4,1695236007046,20/09/2023 18:53:27,1695236005646,-4,20/09/2023 14:53:25,139457,3,questionnaire-iqsy,,31768634,BLIND,9394925,,complete,,03fb189f-d195-4566-9819-2b80a17b9eaa,computer,Desktop or Laptop,Windows 10,Chrome 116.0.0.0,1536x864,1519x715,,,,"Ethnic Identity 7-point scale - Sidanius et al., 2008",2,FemaleBranch,Female_InIn_Swap,,No,EIS3,5
5,1695236007046,20/09/2023 18:53:27,1695236005646,-4,20/09/2023 14:53:25,139457,3,questionnaire-iqsy,,31768634,BLIND,9394925,,complete,,03fb189f-d195-4566-9819-2b80a17b9eaa,computer,Desktop or Laptop,Windows 10,Chrome 116.0.0.0,1536x864,1519x715,,,,"Ethnic Identity 7-point scale - Sidanius et al., 2008",2,FemaleBranch,Female_InIn_Swap,,No,EIS4,5
6,1695236007046,20/09/2023 18:53:27,1695236005646,-4,20/09/2023 14:53:25,139457,3,questionnaire-iqsy,,31768634,BLIND,9394925,,complete,,03fb189f-d195-4566-9819-2b80a17b9eaa,computer,Desktop or Laptop,Windows 10,Chrome 116.0.0.0,1536x864,1519x715,,,,"Ethnic Identity 7-point scale - Sidanius et al., 2008",2,FemaleBranch,Female_InIn_Swap,,No,END QUESTIONNAIRE,5070
1,1695235893175,20/09/2023 18:51:33,1695235892655,-4,20/09/2023 14:51:32,139457,3,questionnaire-iqsy,,31768607,BLIND,9395046,,complete,,f4aff5f4-accc-4f44-a0ab-41e0e6f463eb,computer,Desktop or Laptop,Windows 10,Chrome 116.0.0.0,1536x864,1536x747,,,,"Ethnic Identity 7-point scale - Sidanius et al., 2008",2,FemaleBranch,Female_InOut,,No,BEGIN QUESTIONNAIRE,
2,1695235905456,20/09/2023 18:51:45,1695235904960,-4,20/09/2023 14:51:44,139457,3,questionnaire-iqsy,,31768607,BLIND,9395046,,complete,,f4aff5f4-accc-4f44-a0ab-41e0e6f463eb,computer,Desktop or Laptop,Windows 10,Chrome 116.0.0.0,1536x864,1519x747,,,,"Ethnic Identity 7-point scale - Sidanius et al., 2008",2,FemaleBranch,Female_InOut,,No,EIS1,7
3,1695235905597,20/09/2023 18:51:45,1695235904962,-4,20/09/2023 14:51:44,139457,3,questionnaire-iqsy,,31768607,BLIND,9395046,,complete,,f4aff5f4-accc-4f44-a0ab-41e0e6f463eb,computer,Desktop or Laptop,Windows 10,Chrome 116.0.0.0,1536x864,1519x747,,,,"Ethnic Identity 7-point scale - Sidanius et al., 2008",2,FemaleBranch,Female_InOut,,No,EIS2,7
4,1695235905597,20/09/2023 18:51:45,1695235904962,-4,20/09/2023 14:51:44,139457,3,questionnaire-iqsy,,31768607,BLIND,9395046,,complete,,f4aff5f4-accc-4f44-a0ab-41e0e6f463eb,computer,Desktop or Laptop,Windows 10,Chrome 116.0.0.0,1536x864,1519x747,,,,"Ethnic Identity 7-point scale - Sidanius et al., 2008",2,FemaleBranch,Female_InOut,,No,EIS3,7
5,1695235905597,20/09/2023 18:51:45,1695235904962,-4,20/09/2023 14:51:44,139457,3,questionnaire-iqsy,,31768607,BLIND,9395046,,complete,,f4aff5f4-accc-4f44-a0ab-41e0e6f463eb,computer,Desktop or Laptop,Windows 10,Chrome 116.0.0.0,1536x864,1519x747,,,,"Ethnic Identity 7-point scale - Sidanius et al., 2008",2,FemaleBranch,Female_InOut,,No,EIS4,4
6,1695235905597,20/09/2023 18:51:45,1695235904962,-4,20/09/2023 14:51:44,139457,3,questionnaire-iqsy,,31768607,BLIND,9395046,,complete,,f4aff5f4-accc-4f44-a0ab-41e0e6f463eb,computer,Desktop or Laptop,Windows 10,Chrome 116.0.0.0,1536x864,1519x747,,,,"Ethnic Identity 7-point scale - Sidanius et al., 2008",2,FemaleBranch,Female_InOut,,No,END QUESTIONNAIRE,12307
1,1695234784755,20/09/2023 18:33:04,1695234783390,-7,20/09/2023 11:33:03,139457,3,questionnaire-iqsy,,31768342,BLIND,9394979,,complete,,b1bb24f8-9cd9-4af9-8b5e-2342529d025b,computer,Desktop or Laptop,Windows 10,Chrome 116.0.0.0,1440x900,1440x743,,,,"Ethnic Identity 7-point scale - Sidanius et al., 2008",2,FemaleBranch,Female_InIn_Swap,,No,BEGIN QUESTIONNAIRE,
2,1695234798571,20/09/2023 18:33:18,1695234797234,-7,20/09/2023 11:33:17,139457,3,questionnaire-iqsy,,31768342,BLIND,9394979,,complete,,b1bb24f8-9cd9-4af9-8b5e-2342529d025b,computer,Desktop or Laptop,Windows 10,Chrome 116.0.0.0,1440x900,1423x743,,,,"Ethnic Identity 7-point scale - Sidanius et al., 2008",2,FemaleBranch,Female_InIn_Swap,,No,EIS1,4
3,1695234798741,20/09/2023 18:33:18,1695234797235,-7,20/09/2023 11:33:17,139457,3,questionnaire-iqsy,,31768342,BLIND,9394979,,complete,,b1bb24f8-9cd9-4af9-8b5e-2342529d025b,computer,Desktop or Laptop,Windows 10,Chrome 116.0.0.0,1440x900,1423x743,,,,"Ethnic Identity 7-point scale - Sidanius et al., 2008",2,FemaleBranch,Female_InIn_Swap,,No,EIS2,4
4,1695234798741,20/09/2023 18:33:18,1695234797235,-7,20/09/2023 11:33:17,139457,3,questionnaire-iqsy,,31768342,BLIND,9394979,,complete,,b1bb24f8-9cd9-4af9-8b5e-2342529d025b,computer,Desktop or Laptop,Windows 10,Chrome 116.0.0.0,1440x900,1423x743,,,,"Ethnic Identity 7-point scale - Sidanius et al., 2008",2,FemaleBranch,Female_InIn_Swap,,No,EIS3,5
5,1695234798741,20/09/2023 18:33:18,1695234797236,-7,20/09/2023 11:33:17,139457,3,questionnaire-iqsy,,31768342,BLIND,9394979,,complete,,b1bb24f8-9cd9-4af9-8b5e-2342529d025b,computer,Desktop or Laptop,Windows 10,Chrome 116.0.0.0,1440x900,1423x743,,,,"Ethnic Identity 7-point scale - Sidanius et al., 2008",2,FemaleBranch,Female_InIn_Swap,,No,EIS4,4
6,1695234798741,20/09/2023 18:33:18,1695234797236,-7,20/09/2023 11:33:17,139457,3,questionnaire-iqsy,,31768342,BLIND,9394979,,complete,,b1bb24f8-9cd9-4af9-8b5e-2342529d025b,computer,Desktop or Laptop,Windows 10,Chrome 116.0.0.0,1440x900,1423x743,,,,"Ethnic Identity 7-point scale - Sidanius et al., 2008",2,FemaleBranch,Female_InIn_Swap,,No,END QUESTIONNAIRE,13846
1,1695234211604,20/09/2023 18:23:31,1695234211000,-4,20/09/2023 14:23:31,139457,3,questionnaire-iqsy,,31768208,BLIND,9394949,,complete,,7437c9a9-8def-44a0-8e36-342dec1f021c,computer,Desktop or Laptop,Windows 10,Firefox 117.0,1536x960,1536x815,,,,"Ethnic Identity 7-point scale - Sidanius et al., 2008",2,MaleBranch,,Male_InIn_Swap,No,BEGIN QUESTIONNAIRE,
2,1695234225647,20/09/2023 18:23:45,1695234225060,-4,20/09/2023 14:23:45,139457,3,questionnaire-iqsy,,31768208,BLIND,9394949,,complete,,7437c9a9-8def-44a0-8e36-342dec1f021c,computer,Desktop or Laptop,Windows 10,Firefox 117.0,1536x960,1536x815,,,,"Ethnic Identity 7-point scale - Sidanius et al., 2008",2,MaleBranch,,Male_InIn_Swap,No,EIS1,6
3,1695234225753,20/09/2023 18:23:45,1695234225061,-4,20/09/2023 14:23:45,139457,3,questionnaire-iqsy,,31768208,BLIND,9394949,,complete,,7437c9a9-8def-44a0-8e36-342dec1f021c,computer,Desktop or Laptop,Windows 10,Firefox 117.0,1536x960,1536x815,,,,"Ethnic Identity 7-point scale - Sidanius et al., 2008",2,MaleBranch,,Male_InIn_Swap,No,EIS2,7
4,1695234225753,20/09/2023 18:23:45,1695234225061,-4,20/09/2023 14:23:45,139457,3,questionnaire-iqsy,,31768208,BLIND,9394949,,complete,,7437c9a9-8def-44a0-8e36-342dec1f021c,computer,Desktop or Laptop,Windows 10,Firefox 117.0,1536x960,1536x815,,,,"Ethnic Identity 7-point scale - Sidanius et al., 2008",2,MaleBranch,,Male_InIn_Swap,No,EIS3,7
5,1695234225753,20/09/2023 18:23:45,1695234225061,-4,20/09/2023 14:23:45,139457,3,questionnaire-iqsy,,31768208,BLIND,9394949,,complete,,7437c9a9-8def-44a0-8e36-342dec1f021c,computer,Desktop or Laptop,Windows 10,Firefox 117.0,1536x960,1536x815,,,,"Ethnic Identity 7-point scale - Sidanius et al., 2008",2,MaleBranch,,Male_InIn_Swap,No,EIS4,6
6,1695234225753,20/09/2023 18:23:45,1695234225061,-4,20/09/2023 14:23:45,139457,3,questionnaire-iqsy,,31768208,BLIND,9394949,,complete,,7437c9a9-8def-44a0-8e36-342dec1f021c,computer,Desktop or Laptop,Windows 10,Firefox 117.0,1536x960,1536x815,,,,"Ethnic Identity 7-point scale - Sidanius et al., 2008",2,MaleBranch,,Male_InIn_Swap,No,END QUESTIONNAIRE,14061
1,1695233257318,20/09/2023 18:07:37,1695233258492,-4,20/09/2023 14:07:38,139457,3,questionnaire-iqsy,,31767936,BLIND,9394769,,complete,,2e8f032c-dbf3-4486-bacf-404d321494f1,computer,Desktop or Laptop,Windows 10,Chrome 116.0.0.0,1280x720,1280x603,,,,"Ethnic Identity 7-point scale - Sidanius et al., 2008",2,FemaleBranch,Female_InOut_Swap,,No,BEGIN QUESTIONNAIRE,
2,1695233265300,20/09/2023 18:07:45,1695233266517,-4,20/09/2023 14:07:46,139457,3,questionnaire-iqsy,,31767936,BLIND,9394769,,complete,,2e8f032c-dbf3-4486-bacf-404d321494f1,computer,Desktop or Laptop,Windows 10,Chrome 116.0.0.0,1280x720,1263x603,,,,"Ethnic Identity 7-point scale - Sidanius et al., 2008",2,FemaleBranch,Female_InOut_Swap,,No,EIS1,5
3,1695233265468,20/09/2023 18:07:45,1695233266519,-4,20/09/2023 14:07:46,139457,3,questionnaire-iqsy,,31767936,BLIND,9394769,,complete,,2e8f032c-dbf3-4486-bacf-404d321494f1,computer,Desktop or Laptop,Windows 10,Chrome 116.0.0.0,1280x720,1263x603,,,,"Ethnic Identity 7-point scale - Sidanius et al., 2008",2,FemaleBranch,Female_InOut_Swap,,No,EIS2,5
4,1695233265468,20/09/2023 18:07:45,1695233266520,-4,20/09/2023 14:07:46,139457,3,questionnaire-iqsy,,31767936,BLIND,9394769,,complete,,2e8f032c-dbf3-4486-bacf-404d321494f1,computer,Desktop or Laptop,Windows 10,Chrome 116.0.0.0,1280x720,1263x603,,,,"Ethnic Identity 7-point scale - Sidanius et al., 2008",2,FemaleBranch,Female_InOut_Swap,,No,EIS3,4
5,1695233265468,20/09/2023 18:07:45,1695233266520,-4,20/09/2023 14:07:46,139457,3,questionnaire-iqsy,,31767936,BLIND,9394769,,complete,,2e8f032c-dbf3-4486-bacf-404d321494f1,computer,Desktop or Laptop,Windows 10,Chrome 116.0.0.0,1280x720,1263x603,,,,"Ethnic Identity 7-point scale - Sidanius et al., 2008",2,FemaleBranch,Female_InOut_Swap,,No,EIS4,4
6,1695233265468,20/09/2023 18:07:45,1695233266520,-4,20/09/2023 14:07:46,139457,3,questionnaire-iqsy,,31767936,BLIND,9394769,,complete,,2e8f032c-dbf3-4486-bacf-404d321494f1,computer,Desktop or Laptop,Windows 10,Chrome 116.0.0.0,1280x720,1263x603,,,,"Ethnic Identity 7-point scale - Sidanius et al., 2008",2,FemaleBranch,Female_InOut_Swap,,No,END QUESTIONNAIRE,8028
1,1695233039594,20/09/2023 18:03:59,1695233036210,-7,20/09/2023 11:03:56,139457,3,questionnaire-iqsy,,31767883,BLIND,9394866,,complete,,51e9aa20-c03d-404f-840a-6ee74044c28a,computer,Desktop or Laptop,Windows 10,Chrome 116.0.0.0,1366x768,1366x619,,,,"Ethnic Identity 7-point scale - Sidanius et al., 2008",2,MaleBranch,,Male_InOut_Swap,No,BEGIN QUESTIONNAIRE,
2,1695233060606,20/09/2023 18:04:20,1695233057275,-7,20/09/2023 11:04:17,139457,3,questionnaire-iqsy,,31767883,BLIND,9394866,,complete,,51e9aa20-c03d-404f-840a-6ee74044c28a,computer,Desktop or Laptop,Windows 10,Chrome 116.0.0.0,1366x768,1349x619,,,,"Ethnic Identity 7-point scale - Sidanius et al., 2008",2,MaleBranch,,Male_InOut_Swap,No,EIS1,5
3,1695233060801,20/09/2023 18:04:20,1695233057277,-7,20/09/2023 11:04:17,139457,3,questionnaire-iqsy,,31767883,BLIND,9394866,,complete,,51e9aa20-c03d-404f-840a-6ee74044c28a,computer,Desktop or Laptop,Windows 10,Chrome 116.0.0.0,1366x768,1349x619,,,,"Ethnic Identity 7-point scale - Sidanius et al., 2008",2,MaleBranch,,Male_InOut_Swap,No,EIS2,4
4,1695233060801,20/09/2023 18:04:20,1695233057277,-7,20/09/2023 11:04:17,139457,3,questionnaire-iqsy,,31767883,BLIND,9394866,,complete,,51e9aa20-c03d-404f-840a-6ee74044c28a,computer,Desktop or Laptop,Windows 10,Chrome 116.0.0.0,1366x768,1349x619,,,,"Ethnic Identity 7-point scale - Sidanius et al., 2008",2,MaleBranch,,Male_InOut_Swap,No,EIS3,5
5,1695233060801,20/09/2023 18:04:20,1695233057277,-7,20/09/2023 11:04:17,139457,3,questionnaire-iqsy,,31767883,BLIND,9394866,,complete,,51e9aa20-c03d-404f-840a-6ee74044c28a,computer,Desktop or Laptop,Windows 10,Chrome 116.0.0.0,1366x768,1349x619,,,,"Ethnic Identity 7-point scale - Sidanius et al., 2008",2,MaleBranch,,Male_InOut_Swap,No,EIS4,4
6,1695233060801,20/09/2023 18:04:20,1695233057278,-7,20/09/2023 11:04:17,139457,3,questionnaire-iqsy,,31767883,BLIND,9394866,,complete,,51e9aa20-c03d-404f-840a-6ee74044c28a,computer,Desktop or Laptop,Windows 10,Chrome 116.0.0.0,1366x768,1349x619,,,,"Ethnic Identity 7-point scale - Sidanius et al., 2008",2,MaleBranch,,Male_InOut_Swap,No,END QUESTIONNAIRE,21068
1,1695233004700,20/09/2023 18:03:24,1695233005184,-7,20/09/2023 11:03:25,139457,3,questionnaire-iqsy,,31767868,BLIND,9394852,,complete,,ca553726-ed4b-44cc-aecf-701f1289af14,computer,Desktop or Laptop,Windows 10,Chrome 116.0.0.0,1920x1080,1920x923,,,,"Ethnic Identity 7-point scale - Sidanius et al., 2008",2,MaleBranch,,Male_InOut,No,BEGIN QUESTIONNAIRE,
2,1695233023964,20/09/2023 18:03:43,1695233024503,-7,20/09/2023 11:03:44,139457,3,questionnaire-iqsy,,31767868,BLIND,9394852,,complete,,ca553726-ed4b-44cc-aecf-701f1289af14,computer,Desktop or Laptop,Windows 10,Chrome 116.0.0.0,1920x1080,1903x923,,,,"Ethnic Identity 7-point scale - Sidanius et al., 2008",2,MaleBranch,,Male_InOut,No,EIS1,6
3,1695233024137,20/09/2023 18:03:44,1695233024504,-7,20/09/2023 11:03:44,139457,3,questionnaire-iqsy,,31767868,BLIND,9394852,,complete,,ca553726-ed4b-44cc-aecf-701f1289af14,computer,Desktop or Laptop,Windows 10,Chrome 116.0.0.0,1920x1080,1903x923,,,,"Ethnic Identity 7-point scale - Sidanius et al., 2008",2,MaleBranch,,Male_InOut,No,EIS2,5
4,1695233024137,20/09/2023 18:03:44,1695233024504,-7,20/09/2023 11:03:44,139457,3,questionnaire-iqsy,,31767868,BLIND,9394852,,complete,,ca553726-ed4b-44cc-aecf-701f1289af14,computer,Desktop or Laptop,Windows 10,Chrome 116.0.0.0,1920x1080,1903x923,,,,"Ethnic Identity 7-point scale - Sidanius et al., 2008",2,MaleBranch,,Male_InOut,No,EIS3,6
5,1695233024137,20/09/2023 18:03:44,1695233024504,-7,20/09/2023 11:03:44,139457,3,questionnaire-iqsy,,31767868,BLIND,9394852,,complete,,ca553726-ed4b-44cc-aecf-701f1289af14,computer,Desktop or Laptop,Windows 10,Chrome 116.0.0.0,1920x1080,1903x923,,,,"Ethnic Identity 7-point scale - Sidanius et al., 2008",2,MaleBranch,,Male_InOut,No,EIS4,6
6,1695233024137,20/09/2023 18:03:44,1695233024504,-7,20/09/2023 11:03:44,139457,3,questionnaire-iqsy,,31767868,BLIND,9394852,,complete,,ca553726-ed4b-44cc-aecf-701f1289af14,computer,Desktop or Laptop,Windows 10,Chrome 116.0.0.0,1920x1080,1903x923,,,,"Ethnic Identity 7-point scale - Sidanius et al., 2008",2,MaleBranch,,Male_InOut,No,END QUESTIONNAIRE,19320
1,1695232920737,20/09/2023 18:02:00,1695232920582,-4,20/09/2023 14:02:00,139457,3,questionnaire-iqsy,,31767846,BLIND,9394801,,complete,,658ecfcd-27ca-4348-874d-d23eb8119068,computer,Desktop or Laptop,Windows 10,Chrome 117.0.0.0,1536x864,1920x934,,,,"Ethnic Identity 7-point scale - Sidanius et al., 2008",2,MaleBranch,,Male_InOut_Swap,No,BEGIN QUESTIONNAIRE,
2,1695232935520,20/09/2023 18:02:15,1695232935393,-4,20/09/2023 14:02:15,139457,3,questionnaire-iqsy,,31767846,BLIND,9394801,,complete,,658ecfcd-27ca-4348-874d-d23eb8119068,computer,Desktop or Laptop,Windows 10,Chrome 117.0.0.0,1536x864,1899x934,,,,"Ethnic Identity 7-point scale - Sidanius et al., 2008",2,MaleBranch,,Male_InOut_Swap,No,EIS1,5
3,1695232935664,20/09/2023 18:02:15,1695232935394,-4,20/09/2023 14:02:15,139457,3,questionnaire-iqsy,,31767846,BLIND,9394801,,complete,,658ecfcd-27ca-4348-874d-d23eb8119068,computer,Desktop or Laptop,Windows 10,Chrome 117.0.0.0,1536x864,1899x934,,,,"Ethnic Identity 7-point scale - Sidanius et al., 2008",2,MaleBranch,,Male_InOut_Swap,No,EIS2,4
4,1695232935664,20/09/2023 18:02:15,1695232935394,-4,20/09/2023 14:02:15,139457,3,questionnaire-iqsy,,31767846,BLIND,9394801,,complete,,658ecfcd-27ca-4348-874d-d23eb8119068,computer,Desktop or Laptop,Windows 10,Chrome 117.0.0.0,1536x864,1899x934,,,,"Ethnic Identity 7-point scale - Sidanius et al., 2008",2,MaleBranch,,Male_InOut_Swap,No,EIS3,4
5,1695232935664,20/09/2023 18:02:15,1695232935394,-4,20/09/2023 14:02:15,139457,3,questionnaire-iqsy,,31767846,BLIND,9394801,,complete,,658ecfcd-27ca-4348-874d-d23eb8119068,computer,Desktop or Laptop,Windows 10,Chrome 117.0.0.0,1536x864,1899x934,,,,"Ethnic Identity 7-point scale - Sidanius et al., 2008",2,MaleBranch,,Male_InOut_Swap,No,EIS4,3
6,1695232935664,20/09/2023 18:02:15,1695232935394,-4,20/09/2023 14:02:15,139457,3,questionnaire-iqsy,,31767846,BLIND,9394801,,complete,,658ecfcd-27ca-4348-874d-d23eb8119068,computer,Desktop or Laptop,Windows 10,Chrome 117.0.0.0,1536x864,1899x934,,,,"Ethnic Identity 7-point scale - Sidanius et al., 2008",2,MaleBranch,,Male_InOut_Swap,No,END QUESTIONNAIRE,14812
1,1695232575624,20/09/2023 17:56:15,1695232575488,-7,20/09/2023 10:56:15,139457,3,questionnaire-iqsy,,31767743,BLIND,9394846,,complete,,9b5808e8-6ff2-4ced-b92d-1fe4ca21083f,computer,Desktop or Laptop,Mac OS 10.15.7,Chrome 112.0.0.0,1685x910,1680x904,,,,"Ethnic Identity 7-point scale - Sidanius et al., 2008",2,MaleBranch,,Male_InOut,No,BEGIN QUESTIONNAIRE,
2,1695232585025,20/09/2023 17:56:25,1695232584934,-7,20/09/2023 10:56:24,139457,3,questionnaire-iqsy,,31767743,BLIND,9394846,,complete,,9b5808e8-6ff2-4ced-b92d-1fe4ca21083f,computer,Desktop or Laptop,Mac OS 10.15.7,Chrome 112.0.0.0,1685x910,1680x904,,,,"Ethnic Identity 7-point scale - Sidanius et al., 2008",2,MaleBranch,,Male_InOut,No,EIS1,3
3,1695232585241,20/09/2023 17:56:25,1695232584935,-7,20/09/2023 10:56:24,139457,3,questionnaire-iqsy,,31767743,BLIND,9394846,,complete,,9b5808e8-6ff2-4ced-b92d-1fe4ca21083f,computer,Desktop or Laptop,Mac OS 10.15.7,Chrome 112.0.0.0,1685x910,1680x904,,,,"Ethnic Identity 7-point scale - Sidanius et al., 2008",2,MaleBranch,,Male_InOut,No,EIS2,3
4,1695232585241,20/09/2023 17:56:25,1695232584935,-7,20/09/2023 10:56:24,139457,3,questionnaire-iqsy,,31767743,BLIND,9394846,,complete,,9b5808e8-6ff2-4ced-b92d-1fe4ca21083f,computer,Desktop or Laptop,Mac OS 10.15.7,Chrome 112.0.0.0,1685x910,1680x904,,,,"Ethnic Identity 7-point scale - Sidanius et al., 2008",2,MaleBranch,,Male_InOut,No,EIS3,2
5,1695232585241,20/09/2023 17:56:25,1695232584935,-7,20/09/2023 10:56:24,139457,3,questionnaire-iqsy,,31767743,BLIND,9394846,,complete,,9b5808e8-6ff2-4ced-b92d-1fe4ca21083f,computer,Desktop or Laptop,Mac OS 10.15.7,Chrome 112.0.0.0,1685x910,1680x904,,,,"Ethnic Identity 7-point scale - Sidanius et al., 2008",2,MaleBranch,,Male_InOut,No,EIS4,4
6,1695232585241,20/09/2023 17:56:25,1695232584935,-7,20/09/2023 10:56:24,139457,3,questionnaire-iqsy,,31767743,BLIND,9394846,,complete,,9b5808e8-6ff2-4ced-b92d-1fe4ca21083f,computer,Desktop or Laptop,Mac OS 10.15.7,Chrome 112.0.0.0,1685x910,1680x904,,,,"Ethnic Identity 7-point scale - Sidanius et al., 2008",2,MaleBranch,,Male_InOut,No,END QUESTIONNAIRE,9447
1,1695231940113,20/09/2023 17:45:40,1695231938270,-7,20/09/2023 10:45:38,139457,3,questionnaire-iqsy,,31767537,BLIND,9394799,,complete,,8587eadc-db5e-4f6e-af7f-8bf5e5a05235,computer,Desktop or Laptop,Windows 10,Chrome 116.0.0.0,1536x864,1536x754,,,,"Ethnic Identity 7-point scale - Sidanius et al., 2008",2,MaleBranch,,Male_InOut,No,BEGIN QUESTIONNAIRE,
2,1695231948196,20/09/2023 17:45:48,1695231946404,-7,20/09/2023 10:45:46,139457,3,questionnaire-iqsy,,31767537,BLIND,9394799,,complete,,8587eadc-db5e-4f6e-af7f-8bf5e5a05235,computer,Desktop or Laptop,Windows 10,Chrome 116.0.0.0,1536x864,1519x754,,,,"Ethnic Identity 7-point scale - Sidanius et al., 2008",2,MaleBranch,,Male_InOut,No,EIS1,7
3,1695231948390,20/09/2023 17:45:48,1695231946405,-7,20/09/2023 10:45:46,139457,3,questionnaire-iqsy,,31767537,BLIND,9394799,,complete,,8587eadc-db5e-4f6e-af7f-8bf5e5a05235,computer,Desktop or Laptop,Windows 10,Chrome 116.0.0.0,1536x864,1519x754,,,,"Ethnic Identity 7-point scale - Sidanius et al., 2008",2,MaleBranch,,Male_InOut,No,EIS2,7
4,1695231948390,20/09/2023 17:45:48,1695231946405,-7,20/09/2023 10:45:46,139457,3,questionnaire-iqsy,,31767537,BLIND,9394799,,complete,,8587eadc-db5e-4f6e-af7f-8bf5e5a05235,computer,Desktop or Laptop,Windows 10,Chrome 116.0.0.0,1536x864,1519x754,,,,"Ethnic Identity 7-point scale - Sidanius et al., 2008",2,MaleBranch,,Male_InOut,No,EIS3,7
5,1695231948390,20/09/2023 17:45:48,1695231946405,-7,20/09/2023 10:45:46,139457,3,questionnaire-iqsy,,31767537,BLIND,9394799,,complete,,8587eadc-db5e-4f6e-af7f-8bf5e5a05235,computer,Desktop or Laptop,Windows 10,Chrome 116.0.0.0,1536x864,1519x754,,,,"Ethnic Identity 7-point scale - Sidanius et al., 2008",2,MaleBranch,,Male_InOut,No,EIS4,7
6,1695231948390,20/09/2023 17:45:48,1695231946405,-7,20/09/2023 10:45:46,139457,3,questionnaire-iqsy,,31767537,BLIND,9394799,,complete,,8587eadc-db5e-4f6e-af7f-8bf5e5a05235,computer,Desktop or Laptop,Windows 10,Chrome 116.0.0.0,1536x864,1519x754,,,,"Ethnic Identity 7-point scale - Sidanius et al., 2008",2,MaleBranch,,Male_InOut,No,END QUESTIONNAIRE,8135
1,1695231843881,20/09/2023 17:44:03,1695231841132,-4,20/09/2023 13:44:01,139457,3,questionnaire-iqsy,,31767478,BLIND,9394746,,complete,,ed690b51-099f-4b46-b27d-5d945c2611a6,computer,Desktop or Laptop,Windows 10,Edge 117.0.2045.31,1920x1080,1903x948,,,,"Ethnic Identity 7-point scale - Sidanius et al., 2008",2,MaleBranch,,Male_InOut,No,BEGIN QUESTIONNAIRE,
2,1695231864118,20/09/2023 17:44:24,1695231861414,-4,20/09/2023 13:44:21,139457,3,questionnaire-iqsy,,31767478,BLIND,9394746,,complete,,ed690b51-099f-4b46-b27d-5d945c2611a6,computer,Desktop or Laptop,Windows 10,Edge 117.0.2045.31,1920x1080,1888x948,,,,"Ethnic Identity 7-point scale - Sidanius et al., 2008",2,MaleBranch,,Male_InOut,No,EIS1,7
3,1695231864240,20/09/2023 17:44:24,1695231861415,-4,20/09/2023 13:44:21,139457,3,questionnaire-iqsy,,31767478,BLIND,9394746,,complete,,ed690b51-099f-4b46-b27d-5d945c2611a6,computer,Desktop or Laptop,Windows 10,Edge 117.0.2045.31,1920x1080,1888x948,,,,"Ethnic Identity 7-point scale - Sidanius et al., 2008",2,MaleBranch,,Male_InOut,No,EIS2,7
4,1695231864240,20/09/2023 17:44:24,1695231861415,-4,20/09/2023 13:44:21,139457,3,questionnaire-iqsy,,31767478,BLIND,9394746,,complete,,ed690b51-099f-4b46-b27d-5d945c2611a6,computer,Desktop or Laptop,Windows 10,Edge 117.0.2045.31,1920x1080,1888x948,,,,"Ethnic Identity 7-point scale - Sidanius et al., 2008",2,MaleBranch,,Male_InOut,No,EIS3,7
5,1695231864240,20/09/2023 17:44:24,1695231861415,-4,20/09/2023 13:44:21,139457,3,questionnaire-iqsy,,31767478,BLIND,9394746,,complete,,ed690b51-099f-4b46-b27d-5d945c2611a6,computer,Desktop or Laptop,Windows 10,Edge 117.0.2045.31,1920x1080,1888x948,,,,"Ethnic Identity 7-point scale - Sidanius et al., 2008",2,MaleBranch,,Male_InOut,No,EIS4,6
6,1695231864240,20/09/2023 17:44:24,1695231861415,-4,20/09/2023 13:44:21,139457,3,questionnaire-iqsy,,31767478,BLIND,9394746,,complete,,ed690b51-099f-4b46-b27d-5d945c2611a6,computer,Desktop or Laptop,Windows 10,Edge 117.0.2045.31,1920x1080,1888x948,,,,"Ethnic Identity 7-point scale - Sidanius et al., 2008",2,MaleBranch,,Male_InOut,No,END QUESTIONNAIRE,20283
1,1695231703538,20/09/2023 17:41:43,1695231704007,-7,20/09/2023 10:41:44,139457,3,questionnaire-iqsy,,31767410,BLIND,9394740,,complete,,8ab88a9d-dd3c-4c54-8a42-f0528ef6b54a,computer,Desktop or Laptop,Windows 10,Chrome 116.0.0.0,2560x1440,2560x1283,,,,"Ethnic Identity 7-point scale - Sidanius et al., 2008",2,MaleBranch,,Male_InIn,No,BEGIN QUESTIONNAIRE,
2,1695231721559,20/09/2023 17:42:01,1695231722066,-7,20/09/2023 10:42:02,139457,3,questionnaire-iqsy,,31767410,BLIND,9394740,,complete,,8ab88a9d-dd3c-4c54-8a42-f0528ef6b54a,computer,Desktop or Laptop,Windows 10,Chrome 116.0.0.0,2560x1440,2560x1283,,,,"Ethnic Identity 7-point scale - Sidanius et al., 2008",2,MaleBranch,,Male_InIn,No,EIS1,5
3,1695231721767,20/09/2023 17:42:01,1695231722067,-7,20/09/2023 10:42:02,139457,3,questionnaire-iqsy,,31767410,BLIND,9394740,,complete,,8ab88a9d-dd3c-4c54-8a42-f0528ef6b54a,computer,Desktop or Laptop,Windows 10,Chrome 116.0.0.0,2560x1440,2560x1283,,,,"Ethnic Identity 7-point scale - Sidanius et al., 2008",2,MaleBranch,,Male_InIn,No,EIS2,5
4,1695231721767,20/09/2023 17:42:01,1695231722067,-7,20/09/2023 10:42:02,139457,3,questionnaire-iqsy,,31767410,BLIND,9394740,,complete,,8ab88a9d-dd3c-4c54-8a42-f0528ef6b54a,computer,Desktop or Laptop,Windows 10,Chrome 116.0.0.0,2560x1440,2560x1283,,,,"Ethnic Identity 7-point scale - Sidanius et al., 2008",2,MaleBranch,,Male_InIn,No,EIS3,5
5,1695231721767,20/09/2023 17:42:01,1695231722067,-7,20/09/2023 10:42:02,139457,3,questionnaire-iqsy,,31767410,BLIND,9394740,,complete,,8ab88a9d-dd3c-4c54-8a42-f0528ef6b54a,computer,Desktop or Laptop,Windows 10,Chrome 116.0.0.0,2560x1440,2560x1283,,,,"Ethnic Identity 7-point scale - Sidanius et al., 2008",2,MaleBranch,,Male_InIn,No,EIS4,4
6,1695231721767,20/09/2023 17:42:01,1695231722067,-7,20/09/2023 10:42:02,139457,3,questionnaire-iqsy,,31767410,BLIND,9394740,,complete,,8ab88a9d-dd3c-4c54-8a42-f0528ef6b54a,computer,Desktop or Laptop,Windows 10,Chrome 116.0.0.0,2560x1440,2560x1283,,,,"Ethnic Identity 7-point scale - Sidanius et al., 2008",2,MaleBranch,,Male_InIn,No,END QUESTIONNAIRE,18060
1,1695245189337,20/09/2023 21:26:29,1695245188777,-6,20/09/2023 15:26:28,139457,3,questionnaire-iqsy,,31770255,BLIND,9395455,,complete,,3e709d57-06e4-4c6b-be5e-aaeb3aeff487,computer,Desktop or Laptop,Windows 10,Chrome 117.0.0.0,1067x600,1334x582,,,,"Ethnic Identity 7-point scale - Sidanius et al., 2008",2,FemaleBranch,Female_InIn,,No,BEGIN QUESTIONNAIRE,
2,1695245214226,20/09/2023 21:26:54,1695245213699,-6,20/09/2023 15:26:53,139457,3,questionnaire-iqsy,,31770255,BLIND,9395455,,complete,,3e709d57-06e4-4c6b-be5e-aaeb3aeff487,computer,Desktop or Laptop,Windows 10,Chrome 117.0.0.0,1067x600,1313x582,,,,"Ethnic Identity 7-point scale - Sidanius et al., 2008",2,FemaleBranch,Female_InIn,,No,EIS1,3
3,1695245214449,20/09/2023 21:26:54,1695245213700,-6,20/09/2023 15:26:53,139457,3,questionnaire-iqsy,,31770255,BLIND,9395455,,complete,,3e709d57-06e4-4c6b-be5e-aaeb3aeff487,computer,Desktop or Laptop,Windows 10,Chrome 117.0.0.0,1067x600,1313x582,,,,"Ethnic Identity 7-point scale - Sidanius et al., 2008",2,FemaleBranch,Female_InIn,,No,EIS2,3
4,1695245214449,20/09/2023 21:26:54,1695245213700,-6,20/09/2023 15:26:53,139457,3,questionnaire-iqsy,,31770255,BLIND,9395455,,complete,,3e709d57-06e4-4c6b-be5e-aaeb3aeff487,computer,Desktop or Laptop,Windows 10,Chrome 117.0.0.0,1067x600,1313x582,,,,"Ethnic Identity 7-point scale - Sidanius et al., 2008",2,FemaleBranch,Female_InIn,,No,EIS3,3
5,1695245214449,20/09/2023 21:26:54,1695245213700,-6,20/09/2023 15:26:53,139457,3,questionnaire-iqsy,,31770255,BLIND,9395455,,complete,,3e709d57-06e4-4c6b-be5e-aaeb3aeff487,computer,Desktop or Laptop,Windows 10,Chrome 117.0.0.0,1067x600,1313x582,,,,"Ethnic Identity 7-point scale - Sidanius et al., 2008",2,FemaleBranch,Female_InIn,,No,EIS4,3
6,1695245214449,20/09/2023 21:26:54,1695245213701,-6,20/09/2023 15:26:53,139457,3,questionnaire-iqsy,,31770255,BLIND,9395455,,complete,,3e709d57-06e4-4c6b-be5e-aaeb3aeff487,computer,Desktop or Laptop,Windows 10,Chrome 117.0.0.0,1067x600,1313x582,,,,"Ethnic Identity 7-point scale - Sidanius et al., 2008",2,FemaleBranch,Female_InIn,,No,END QUESTIONNAIRE,24924
END OF FILE
