Event Index,UTC Timestamp,UTC Date,Local Timestamp,Local Timezone,Local Date,Experiment ID,Experiment Version,Tree Node Key,Repeat Key,Schedule ID,Participant Public ID,Participant Private ID,Participant Starting Group,Participant Status,Participant Completion Code,Participant External Session ID,Participant Device Type,Participant Device,Participant OS,Participant Browser,Participant Monitor Size,Participant Viewport Size,Checkpoint,Task Name,Task Version,Randomise questionnaire elements?,Question Key,Response
1,1680451808292,02/04/2023 16:10:08,1680451808240,-4,02/04/2023 12:10:08,128679,4,questionnaire-e4hl,,28612495,BLIND,8514894,,complete,,617dfa48-1762-4761-85c4-107bbca04d0d,computer,Desktop or Laptop,Windows 10,Chrome 111.0.0.0,1536x864,1536x746,,Demographic_Intake,6,No,BEGIN QUESTIONNAIRE,
2,1680451815244,02/04/2023 16:10:15,1680451815269,-4,02/04/2023 12:10:15,128679,4,questionnaire-e4hl,,28612495,BLIND,8514894,,complete,,617dfa48-1762-4761-85c4-107bbca04d0d,computer,Desktop or Laptop,Windows 10,Chrome 111.0.0.0,1536x864,1536x746,,Demographic_Intake,6,No,age,35
3,1680451815390,02/04/2023 16:10:15,1680451815270,-4,02/04/2023 12:10:15,128679,4,questionnaire-e4hl,,28612495,BLIND,8514894,,complete,,617dfa48-1762-4761-85c4-107bbca04d0d,computer,Desktop or Laptop,Windows 10,Chrome 111.0.0.0,1536x864,1536x746,,Demographic_Intake,6,No,gender,Female
4,1680451815390,02/04/2023 16:10:15,1680451815270,-4,02/04/2023 12:10:15,128679,4,questionnaire-e4hl,,28612495,BLIND,8514894,,complete,,617dfa48-1762-4761-85c4-107bbca04d0d,computer,Desktop or Laptop,Windows 10,Chrome 111.0.0.0,1536x864,1536x746,,Demographic_Intake,6,No,gender-quantised,2
5,1680451815390,02/04/2023 16:10:15,1680451815270,-4,02/04/2023 12:10:15,128679,4,questionnaire-e4hl,,28612495,BLIND,8514894,,complete,,617dfa48-1762-4761-85c4-107bbca04d0d,computer,Desktop or Laptop,Windows 10,Chrome 111.0.0.0,1536x864,1536x746,,Demographic_Intake,6,No,EngFluent,Yes
6,1680451815390,02/04/2023 16:10:15,1680451815270,-4,02/04/2023 12:10:15,128679,4,questionnaire-e4hl,,28612495,BLIND,8514894,,complete,,617dfa48-1762-4761-85c4-107bbca04d0d,computer,Desktop or Laptop,Windows 10,Chrome 111.0.0.0,1536x864,1536x746,,Demographic_Intake,6,No,EngFluent-quantised,1
7,1680451815390,02/04/2023 16:10:15,1680451815271,-4,02/04/2023 12:10:15,128679,4,questionnaire-e4hl,,28612495,BLIND,8514894,,complete,,617dfa48-1762-4761-85c4-107bbca04d0d,computer,Desktop or Laptop,Windows 10,Chrome 111.0.0.0,1536x864,1536x746,,Demographic_Intake,6,No,END QUESTIONNAIRE,7031
1,1680451854809,02/04/2023 16:10:54,1680451852329,-4,02/04/2023 12:10:52,128679,4,questionnaire-e4hl,,28612515,BLIND,8514902,,complete,,b3c5a154-d20d-4424-a331-e1969fe8c544,computer,Desktop or Laptop,Windows 10,Chrome 111.0.0.0,1920x1080,1731x959,,Demographic_Intake,6,No,BEGIN QUESTIONNAIRE,
2,1680451874163,02/04/2023 16:11:14,1680451871732,-4,02/04/2023 12:11:11,128679,4,questionnaire-e4hl,,28612515,BLIND,8514902,,complete,,b3c5a154-d20d-4424-a331-e1969fe8c544,computer,Desktop or Laptop,Windows 10,Chrome 111.0.0.0,1920x1080,1731x959,,Demographic_Intake,6,No,age,59
3,1680451874405,02/04/2023 16:11:14,1680451871733,-4,02/04/2023 12:11:11,128679,4,questionnaire-e4hl,,28612515,BLIND,8514902,,complete,,b3c5a154-d20d-4424-a331-e1969fe8c544,computer,Desktop or Laptop,Windows 10,Chrome 111.0.0.0,1920x1080,1731x959,,Demographic_Intake,6,No,gender,Female
4,1680451874405,02/04/2023 16:11:14,1680451871734,-4,02/04/2023 12:11:11,128679,4,questionnaire-e4hl,,28612515,BLIND,8514902,,complete,,b3c5a154-d20d-4424-a331-e1969fe8c544,computer,Desktop or Laptop,Windows 10,Chrome 111.0.0.0,1920x1080,1731x959,,Demographic_Intake,6,No,gender-quantised,2
5,1680451874405,02/04/2023 16:11:14,1680451871734,-4,02/04/2023 12:11:11,128679,4,questionnaire-e4hl,,28612515,BLIND,8514902,,complete,,b3c5a154-d20d-4424-a331-e1969fe8c544,computer,Desktop or Laptop,Windows 10,Chrome 111.0.0.0,1920x1080,1731x959,,Demographic_Intake,6,No,EngFluent,Yes
6,1680451874405,02/04/2023 16:11:14,1680451871734,-4,02/04/2023 12:11:11,128679,4,questionnaire-e4hl,,28612515,BLIND,8514902,,complete,,b3c5a154-d20d-4424-a331-e1969fe8c544,computer,Desktop or Laptop,Windows 10,Chrome 111.0.0.0,1920x1080,1731x959,,Demographic_Intake,6,No,EngFluent-quantised,1
7,1680451874405,02/04/2023 16:11:14,1680451871734,-4,02/04/2023 12:11:11,128679,4,questionnaire-e4hl,,28612515,BLIND,8514902,,complete,,b3c5a154-d20d-4424-a331-e1969fe8c544,computer,Desktop or Laptop,Windows 10,Chrome 111.0.0.0,1920x1080,1731x959,,Demographic_Intake,6,No,END QUESTIONNAIRE,19405
1,1680451856573,02/04/2023 16:10:56,1680451856428,-6,02/04/2023 10:10:56,128679,4,questionnaire-e4hl,,28612519,BLIND,8514904,,complete,,133b816c-f546-435c-8d07-d9b5aff530a6,computer,Desktop or Laptop,Windows 10,Chrome 111.0.0.0,1920x1080,1920x969,,Demographic_Intake,6,No,BEGIN QUESTIONNAIRE,
2,1680451867417,02/04/2023 16:11:07,1680451867322,-6,02/04/2023 10:11:07,128679,4,questionnaire-e4hl,,28612519,BLIND,8514904,,complete,,133b816c-f546-435c-8d07-d9b5aff530a6,computer,Desktop or Laptop,Windows 10,Chrome 111.0.0.0,1920x1080,1920x969,,Demographic_Intake,6,No,age,42
3,1680451867607,02/04/2023 16:11:07,1680451867323,-6,02/04/2023 10:11:07,128679,4,questionnaire-e4hl,,28612519,BLIND,8514904,,complete,,133b816c-f546-435c-8d07-d9b5aff530a6,computer,Desktop or Laptop,Windows 10,Chrome 111.0.0.0,1920x1080,1920x969,,Demographic_Intake,6,No,gender,Female
4,1680451867607,02/04/2023 16:11:07,1680451867323,-6,02/04/2023 10:11:07,128679,4,questionnaire-e4hl,,28612519,BLIND,8514904,,complete,,133b816c-f546-435c-8d07-d9b5aff530a6,computer,Desktop or Laptop,Windows 10,Chrome 111.0.0.0,1920x1080,1920x969,,Demographic_Intake,6,No,gender-quantised,2
5,1680451867607,02/04/2023 16:11:07,1680451867323,-6,02/04/2023 10:11:07,128679,4,questionnaire-e4hl,,28612519,BLIND,8514904,,complete,,133b816c-f546-435c-8d07-d9b5aff530a6,computer,Desktop or Laptop,Windows 10,Chrome 111.0.0.0,1920x1080,1920x969,,Demographic_Intake,6,No,EngFluent,Yes
6,1680451867607,02/04/2023 16:11:07,1680451867323,-6,02/04/2023 10:11:07,128679,4,questionnaire-e4hl,,28612519,BLIND,8514904,,complete,,133b816c-f546-435c-8d07-d9b5aff530a6,computer,Desktop or Laptop,Windows 10,Chrome 111.0.0.0,1920x1080,1920x969,,Demographic_Intake,6,No,EngFluent-quantised,1
7,1680451867607,02/04/2023 16:11:07,1680451867323,-6,02/04/2023 10:11:07,128679,4,questionnaire-e4hl,,28612519,BLIND,8514904,,complete,,133b816c-f546-435c-8d07-d9b5aff530a6,computer,Desktop or Laptop,Windows 10,Chrome 111.0.0.0,1920x1080,1920x969,,Demographic_Intake,6,No,END QUESTIONNAIRE,10895
1,1680451865094,02/04/2023 16:11:05,1680451863759,-4,02/04/2023 12:11:03,128679,4,questionnaire-e4hl,,28612524,BLIND,8514907,,complete,,010aad17-bb56-4c31-a139-bbdcadb396b5,computer,Desktop or Laptop,Windows 10,Chrome 111.0.0.0,1536x864,1536x722,,Demographic_Intake,6,No,BEGIN QUESTIONNAIRE,
2,1680451874245,02/04/2023 16:11:14,1680451872961,-4,02/04/2023 12:11:12,128679,4,questionnaire-e4hl,,28612524,BLIND,8514907,,complete,,010aad17-bb56-4c31-a139-bbdcadb396b5,computer,Desktop or Laptop,Windows 10,Chrome 111.0.0.0,1536x864,1536x722,,Demographic_Intake,6,No,age,54
3,1680451874397,02/04/2023 16:11:14,1680451872962,-4,02/04/2023 12:11:12,128679,4,questionnaire-e4hl,,28612524,BLIND,8514907,,complete,,010aad17-bb56-4c31-a139-bbdcadb396b5,computer,Desktop or Laptop,Windows 10,Chrome 111.0.0.0,1536x864,1536x722,,Demographic_Intake,6,No,gender,Female
4,1680451874397,02/04/2023 16:11:14,1680451872962,-4,02/04/2023 12:11:12,128679,4,questionnaire-e4hl,,28612524,BLIND,8514907,,complete,,010aad17-bb56-4c31-a139-bbdcadb396b5,computer,Desktop or Laptop,Windows 10,Chrome 111.0.0.0,1536x864,1536x722,,Demographic_Intake,6,No,gender-quantised,2
5,1680451874397,02/04/2023 16:11:14,1680451872963,-4,02/04/2023 12:11:12,128679,4,questionnaire-e4hl,,28612524,BLIND,8514907,,complete,,010aad17-bb56-4c31-a139-bbdcadb396b5,computer,Desktop or Laptop,Windows 10,Chrome 111.0.0.0,1536x864,1536x722,,Demographic_Intake,6,No,EngFluent,Yes
6,1680451874397,02/04/2023 16:11:14,1680451872963,-4,02/04/2023 12:11:12,128679,4,questionnaire-e4hl,,28612524,BLIND,8514907,,complete,,010aad17-bb56-4c31-a139-bbdcadb396b5,computer,Desktop or Laptop,Windows 10,Chrome 111.0.0.0,1536x864,1536x722,,Demographic_Intake,6,No,EngFluent-quantised,1
7,1680451874397,02/04/2023 16:11:14,1680451872963,-4,02/04/2023 12:11:12,128679,4,questionnaire-e4hl,,28612524,BLIND,8514907,,complete,,010aad17-bb56-4c31-a139-bbdcadb396b5,computer,Desktop or Laptop,Windows 10,Chrome 111.0.0.0,1536x864,1536x722,,Demographic_Intake,6,No,END QUESTIONNAIRE,9204
1,1680451865707,02/04/2023 16:11:05,1680451865260,-5,02/04/2023 11:11:05,128679,4,questionnaire-e4hl,,28612525,BLIND,8514898,,complete,,f550bb1e-4bcf-40bb-acf3-1892fe284529,computer,Desktop or Laptop,Windows 10,Chrome 109.0.0.0,1920x1080,1920x1080,,Demographic_Intake,6,No,BEGIN QUESTIONNAIRE,
2,1680451881004,02/04/2023 16:11:21,1680451880569,-5,02/04/2023 11:11:20,128679,4,questionnaire-e4hl,,28612525,BLIND,8514898,,complete,,f550bb1e-4bcf-40bb-acf3-1892fe284529,computer,Desktop or Laptop,Windows 10,Chrome 109.0.0.0,1920x1080,1920x1080,,Demographic_Intake,6,No,age,63
3,1680451881169,02/04/2023 16:11:21,1680451880571,-5,02/04/2023 11:11:20,128679,4,questionnaire-e4hl,,28612525,BLIND,8514898,,complete,,f550bb1e-4bcf-40bb-acf3-1892fe284529,computer,Desktop or Laptop,Windows 10,Chrome 109.0.0.0,1920x1080,1920x1080,,Demographic_Intake,6,No,gender,Female
4,1680451881169,02/04/2023 16:11:21,1680451880571,-5,02/04/2023 11:11:20,128679,4,questionnaire-e4hl,,28612525,BLIND,8514898,,complete,,f550bb1e-4bcf-40bb-acf3-1892fe284529,computer,Desktop or Laptop,Windows 10,Chrome 109.0.0.0,1920x1080,1920x1080,,Demographic_Intake,6,No,gender-quantised,2
5,1680451881169,02/04/2023 16:11:21,1680451880571,-5,02/04/2023 11:11:20,128679,4,questionnaire-e4hl,,28612525,BLIND,8514898,,complete,,f550bb1e-4bcf-40bb-acf3-1892fe284529,computer,Desktop or Laptop,Windows 10,Chrome 109.0.0.0,1920x1080,1920x1080,,Demographic_Intake,6,No,EngFluent,Yes
6,1680451881169,02/04/2023 16:11:21,1680451880571,-5,02/04/2023 11:11:20,128679,4,questionnaire-e4hl,,28612525,BLIND,8514898,,complete,,f550bb1e-4bcf-40bb-acf3-1892fe284529,computer,Desktop or Laptop,Windows 10,Chrome 109.0.0.0,1920x1080,1920x1080,,Demographic_Intake,6,No,EngFluent-quantised,1
7,1680451881169,02/04/2023 16:11:21,1680451880571,-5,02/04/2023 11:11:20,128679,4,questionnaire-e4hl,,28612525,BLIND,8514898,,complete,,f550bb1e-4bcf-40bb-acf3-1892fe284529,computer,Desktop or Laptop,Windows 10,Chrome 109.0.0.0,1920x1080,1920x1080,,Demographic_Intake,6,No,END QUESTIONNAIRE,15311
1,1680451870579,02/04/2023 16:11:10,1680451870209,-4,02/04/2023 12:11:10,128679,4,questionnaire-e4hl,,28612529,BLIND,8514909,,complete,,c995b26c-1e8f-4f1e-b14e-27b347eb83b5,computer,Desktop or Laptop,Windows 10,Edge 111.0.1661.54,1536x864,1374x690,,Demographic_Intake,6,No,BEGIN QUESTIONNAIRE,
2,1680451877869,02/04/2023 16:11:17,1680451877562,-4,02/04/2023 12:11:17,128679,4,questionnaire-e4hl,,28612529,BLIND,8514909,,complete,,c995b26c-1e8f-4f1e-b14e-27b347eb83b5,computer,Desktop or Laptop,Windows 10,Edge 111.0.1661.54,1536x864,1374x690,,Demographic_Intake,6,No,age,54
3,1680451877991,02/04/2023 16:11:17,1680451877563,-4,02/04/2023 12:11:17,128679,4,questionnaire-e4hl,,28612529,BLIND,8514909,,complete,,c995b26c-1e8f-4f1e-b14e-27b347eb83b5,computer,Desktop or Laptop,Windows 10,Edge 111.0.1661.54,1536x864,1374x690,,Demographic_Intake,6,No,gender,Female
4,1680451877991,02/04/2023 16:11:17,1680451877563,-4,02/04/2023 12:11:17,128679,4,questionnaire-e4hl,,28612529,BLIND,8514909,,complete,,c995b26c-1e8f-4f1e-b14e-27b347eb83b5,computer,Desktop or Laptop,Windows 10,Edge 111.0.1661.54,1536x864,1374x690,,Demographic_Intake,6,No,gender-quantised,2
5,1680451877991,02/04/2023 16:11:17,1680451877563,-4,02/04/2023 12:11:17,128679,4,questionnaire-e4hl,,28612529,BLIND,8514909,,complete,,c995b26c-1e8f-4f1e-b14e-27b347eb83b5,computer,Desktop or Laptop,Windows 10,Edge 111.0.1661.54,1536x864,1374x690,,Demographic_Intake,6,No,EngFluent,Yes
6,1680451877991,02/04/2023 16:11:17,1680451877563,-4,02/04/2023 12:11:17,128679,4,questionnaire-e4hl,,28612529,BLIND,8514909,,complete,,c995b26c-1e8f-4f1e-b14e-27b347eb83b5,computer,Desktop or Laptop,Windows 10,Edge 111.0.1661.54,1536x864,1374x690,,Demographic_Intake,6,No,EngFluent-quantised,1
7,1680451877991,02/04/2023 16:11:17,1680451877563,-4,02/04/2023 12:11:17,128679,4,questionnaire-e4hl,,28612529,BLIND,8514909,,complete,,c995b26c-1e8f-4f1e-b14e-27b347eb83b5,computer,Desktop or Laptop,Windows 10,Edge 111.0.1661.54,1536x864,1374x690,,Demographic_Intake,6,No,END QUESTIONNAIRE,7354
1,1680451871132,02/04/2023 16:11:11,1680451870106,-5,02/04/2023 11:11:10,128679,4,questionnaire-e4hl,,28612530,BLIND,8514899,,complete,,d77f145d-ac08-4889-9abc-b32c2dd119f9,computer,Desktop or Laptop,Windows 10,Chrome 111.0.0.0,1270x715,1270x642,,Demographic_Intake,6,No,BEGIN QUESTIONNAIRE,
2,1680451884944,02/04/2023 16:11:24,1680451883946,-5,02/04/2023 11:11:23,128679,4,questionnaire-e4hl,,28612530,BLIND,8514899,,complete,,d77f145d-ac08-4889-9abc-b32c2dd119f9,computer,Desktop or Laptop,Windows 10,Chrome 111.0.0.0,1270x715,1270x642,,Demographic_Intake,6,No,age,35
3,1680451885111,02/04/2023 16:11:25,1680451883949,-5,02/04/2023 11:11:23,128679,4,questionnaire-e4hl,,28612530,BLIND,8514899,,complete,,d77f145d-ac08-4889-9abc-b32c2dd119f9,computer,Desktop or Laptop,Windows 10,Chrome 111.0.0.0,1270x715,1270x642,,Demographic_Intake,6,No,gender,Female
4,1680451885111,02/04/2023 16:11:25,1680451883949,-5,02/04/2023 11:11:23,128679,4,questionnaire-e4hl,,28612530,BLIND,8514899,,complete,,d77f145d-ac08-4889-9abc-b32c2dd119f9,computer,Desktop or Laptop,Windows 10,Chrome 111.0.0.0,1270x715,1270x642,,Demographic_Intake,6,No,gender-quantised,2
5,1680451885111,02/04/2023 16:11:25,1680451883949,-5,02/04/2023 11:11:23,128679,4,questionnaire-e4hl,,28612530,BLIND,8514899,,complete,,d77f145d-ac08-4889-9abc-b32c2dd119f9,computer,Desktop or Laptop,Windows 10,Chrome 111.0.0.0,1270x715,1270x642,,Demographic_Intake,6,No,EngFluent,Yes
6,1680451885111,02/04/2023 16:11:25,1680451883949,-5,02/04/2023 11:11:23,128679,4,questionnaire-e4hl,,28612530,BLIND,8514899,,complete,,d77f145d-ac08-4889-9abc-b32c2dd119f9,computer,Desktop or Laptop,Windows 10,Chrome 111.0.0.0,1270x715,1270x642,,Demographic_Intake,6,No,EngFluent-quantised,1
7,1680451885111,02/04/2023 16:11:25,1680451883949,-5,02/04/2023 11:11:23,128679,4,questionnaire-e4hl,,28612530,BLIND,8514899,,complete,,d77f145d-ac08-4889-9abc-b32c2dd119f9,computer,Desktop or Laptop,Windows 10,Chrome 111.0.0.0,1270x715,1270x642,,Demographic_Intake,6,No,END QUESTIONNAIRE,13843
1,1680451872466,02/04/2023 16:11:12,1680451871580,-7,02/04/2023 09:11:11,128679,4,questionnaire-e4hl,,28612532,BLIND,8514908,,complete,,15ad47a5-0f73-4636-aa63-643aab53b2b9,computer,Desktop or Laptop,Windows 10,Chrome 111.0.0.0,1280x720,1179x508,,Demographic_Intake,6,No,BEGIN QUESTIONNAIRE,
2,1680451885872,02/04/2023 16:11:25,1680451885013,-7,02/04/2023 09:11:25,128679,4,questionnaire-e4hl,,28612532,BLIND,8514908,,complete,,15ad47a5-0f73-4636-aa63-643aab53b2b9,computer,Desktop or Laptop,Windows 10,Chrome 111.0.0.0,1280x720,1163x508,,Demographic_Intake,6,No,age,46
3,1680451886080,02/04/2023 16:11:26,1680451885017,-7,02/04/2023 09:11:25,128679,4,questionnaire-e4hl,,28612532,BLIND,8514908,,complete,,15ad47a5-0f73-4636-aa63-643aab53b2b9,computer,Desktop or Laptop,Windows 10,Chrome 111.0.0.0,1280x720,1163x508,,Demographic_Intake,6,No,gender,Female
4,1680451886080,02/04/2023 16:11:26,1680451885017,-7,02/04/2023 09:11:25,128679,4,questionnaire-e4hl,,28612532,BLIND,8514908,,complete,,15ad47a5-0f73-4636-aa63-643aab53b2b9,computer,Desktop or Laptop,Windows 10,Chrome 111.0.0.0,1280x720,1163x508,,Demographic_Intake,6,No,gender-quantised,2
5,1680451886080,02/04/2023 16:11:26,1680451885017,-7,02/04/2023 09:11:25,128679,4,questionnaire-e4hl,,28612532,BLIND,8514908,,complete,,15ad47a5-0f73-4636-aa63-643aab53b2b9,computer,Desktop or Laptop,Windows 10,Chrome 111.0.0.0,1280x720,1163x508,,Demographic_Intake,6,No,EngFluent,Yes
6,1680451886080,02/04/2023 16:11:26,1680451885018,-7,02/04/2023 09:11:25,128679,4,questionnaire-e4hl,,28612532,BLIND,8514908,,complete,,15ad47a5-0f73-4636-aa63-643aab53b2b9,computer,Desktop or Laptop,Windows 10,Chrome 111.0.0.0,1280x720,1163x508,,Demographic_Intake,6,No,EngFluent-quantised,1
7,1680451886080,02/04/2023 16:11:26,1680451885018,-7,02/04/2023 09:11:25,128679,4,questionnaire-e4hl,,28612532,BLIND,8514908,,complete,,15ad47a5-0f73-4636-aa63-643aab53b2b9,computer,Desktop or Laptop,Windows 10,Chrome 111.0.0.0,1280x720,1163x508,,Demographic_Intake,6,No,END QUESTIONNAIRE,13438
1,1680451879062,02/04/2023 16:11:19,1680451879492,-4,02/04/2023 12:11:19,128679,4,questionnaire-e4hl,,28612542,BLIND,8514911,,complete,,43f921f7-daed-40ea-bca1-e38ec5e22aba,computer,Desktop or Laptop,Windows 10,Chrome 111.0.0.0,1080x1920,1047x811,,Demographic_Intake,6,No,BEGIN QUESTIONNAIRE,
2,1680451885211,02/04/2023 16:11:25,1680451885701,-4,02/04/2023 12:11:25,128679,4,questionnaire-e4hl,,28612542,BLIND,8514911,,complete,,43f921f7-daed-40ea-bca1-e38ec5e22aba,computer,Desktop or Laptop,Windows 10,Chrome 111.0.0.0,1080x1920,1047x811,,Demographic_Intake,6,No,age,31
3,1680451885370,02/04/2023 16:11:25,1680451885702,-4,02/04/2023 12:11:25,128679,4,questionnaire-e4hl,,28612542,BLIND,8514911,,complete,,43f921f7-daed-40ea-bca1-e38ec5e22aba,computer,Desktop or Laptop,Windows 10,Chrome 111.0.0.0,1080x1920,1047x811,,Demographic_Intake,6,No,gender,Female
4,1680451885370,02/04/2023 16:11:25,1680451885702,-4,02/04/2023 12:11:25,128679,4,questionnaire-e4hl,,28612542,BLIND,8514911,,complete,,43f921f7-daed-40ea-bca1-e38ec5e22aba,computer,Desktop or Laptop,Windows 10,Chrome 111.0.0.0,1080x1920,1047x811,,Demographic_Intake,6,No,gender-quantised,2
5,1680451885370,02/04/2023 16:11:25,1680451885702,-4,02/04/2023 12:11:25,128679,4,questionnaire-e4hl,,28612542,BLIND,8514911,,complete,,43f921f7-daed-40ea-bca1-e38ec5e22aba,computer,Desktop or Laptop,Windows 10,Chrome 111.0.0.0,1080x1920,1047x811,,Demographic_Intake,6,No,EngFluent,Yes
6,1680451885370,02/04/2023 16:11:25,1680451885702,-4,02/04/2023 12:11:25,128679,4,questionnaire-e4hl,,28612542,BLIND,8514911,,complete,,43f921f7-daed-40ea-bca1-e38ec5e22aba,computer,Desktop or Laptop,Windows 10,Chrome 111.0.0.0,1080x1920,1047x811,,Demographic_Intake,6,No,EngFluent-quantised,1
7,1680451885370,02/04/2023 16:11:25,1680451885702,-4,02/04/2023 12:11:25,128679,4,questionnaire-e4hl,,28612542,BLIND,8514911,,complete,,43f921f7-daed-40ea-bca1-e38ec5e22aba,computer,Desktop or Laptop,Windows 10,Chrome 111.0.0.0,1080x1920,1047x811,,Demographic_Intake,6,No,END QUESTIONNAIRE,6210
1,1680451882287,02/04/2023 16:11:22,1680451882717,9,03/04/2023 01:11:22,128679,4,questionnaire-e4hl,,28612546,BLIND,8514913,,complete,,15f027c7-6136-468f-b893-c953802ccae0,computer,Desktop or Laptop,Windows 10,Chrome 111.0.0.0,1920x1080,1920x961,,Demographic_Intake,6,No,BEGIN QUESTIONNAIRE,
2,1680451890475,02/04/2023 16:11:30,1680451890955,9,03/04/2023 01:11:30,128679,4,questionnaire-e4hl,,28612546,BLIND,8514913,,complete,,15f027c7-6136-468f-b893-c953802ccae0,computer,Desktop or Laptop,Windows 10,Chrome 111.0.0.0,1920x1080,1920x961,,Demographic_Intake,6,No,age,24
3,1680451890630,02/04/2023 16:11:30,1680451890955,9,03/04/2023 01:11:30,128679,4,questionnaire-e4hl,,28612546,BLIND,8514913,,complete,,15f027c7-6136-468f-b893-c953802ccae0,computer,Desktop or Laptop,Windows 10,Chrome 111.0.0.0,1920x1080,1920x961,,Demographic_Intake,6,No,gender,Female
4,1680451890630,02/04/2023 16:11:30,1680451890955,9,03/04/2023 01:11:30,128679,4,questionnaire-e4hl,,28612546,BLIND,8514913,,complete,,15f027c7-6136-468f-b893-c953802ccae0,computer,Desktop or Laptop,Windows 10,Chrome 111.0.0.0,1920x1080,1920x961,,Demographic_Intake,6,No,gender-quantised,2
5,1680451890630,02/04/2023 16:11:30,1680451890956,9,03/04/2023 01:11:30,128679,4,questionnaire-e4hl,,28612546,BLIND,8514913,,complete,,15f027c7-6136-468f-b893-c953802ccae0,computer,Desktop or Laptop,Windows 10,Chrome 111.0.0.0,1920x1080,1920x961,,Demographic_Intake,6,No,EngFluent,Yes
6,1680451890630,02/04/2023 16:11:30,1680451890956,9,03/04/2023 01:11:30,128679,4,questionnaire-e4hl,,28612546,BLIND,8514913,,complete,,15f027c7-6136-468f-b893-c953802ccae0,computer,Desktop or Laptop,Windows 10,Chrome 111.0.0.0,1920x1080,1920x961,,Demographic_Intake,6,No,EngFluent-quantised,1
7,1680451890630,02/04/2023 16:11:30,1680451890956,9,03/04/2023 01:11:30,128679,4,questionnaire-e4hl,,28612546,BLIND,8514913,,complete,,15f027c7-6136-468f-b893-c953802ccae0,computer,Desktop or Laptop,Windows 10,Chrome 111.0.0.0,1920x1080,1920x961,,Demographic_Intake,6,No,END QUESTIONNAIRE,8239
1,1680451883687,02/04/2023 16:11:23,1680451940453,-7,02/04/2023 09:12:20,128679,4,questionnaire-e4hl,,28612548,BLIND,8514912,,complete,,a8792e44-b532-4766-b868-53e1d4966073,computer,Desktop or Laptop,Windows 10,Chrome 111.0.0.0,1536x864,1536x722,,Demographic_Intake,6,No,BEGIN QUESTIONNAIRE,
2,1680451894645,02/04/2023 16:11:34,1680451951454,-7,02/04/2023 09:12:31,128679,4,questionnaire-e4hl,,28612548,BLIND,8514912,,complete,,a8792e44-b532-4766-b868-53e1d4966073,computer,Desktop or Laptop,Windows 10,Chrome 111.0.0.0,1536x864,1536x722,,Demographic_Intake,6,No,age,48
3,1680451894904,02/04/2023 16:11:34,1680451951454,-7,02/04/2023 09:12:31,128679,4,questionnaire-e4hl,,28612548,BLIND,8514912,,complete,,a8792e44-b532-4766-b868-53e1d4966073,computer,Desktop or Laptop,Windows 10,Chrome 111.0.0.0,1536x864,1536x722,,Demographic_Intake,6,No,gender,Female
4,1680451894904,02/04/2023 16:11:34,1680451951454,-7,02/04/2023 09:12:31,128679,4,questionnaire-e4hl,,28612548,BLIND,8514912,,complete,,a8792e44-b532-4766-b868-53e1d4966073,computer,Desktop or Laptop,Windows 10,Chrome 111.0.0.0,1536x864,1536x722,,Demographic_Intake,6,No,gender-quantised,2
5,1680451894904,02/04/2023 16:11:34,1680451951454,-7,02/04/2023 09:12:31,128679,4,questionnaire-e4hl,,28612548,BLIND,8514912,,complete,,a8792e44-b532-4766-b868-53e1d4966073,computer,Desktop or Laptop,Windows 10,Chrome 111.0.0.0,1536x864,1536x722,,Demographic_Intake,6,No,EngFluent,Yes
6,1680451894904,02/04/2023 16:11:34,1680451951455,-7,02/04/2023 09:12:31,128679,4,questionnaire-e4hl,,28612548,BLIND,8514912,,complete,,a8792e44-b532-4766-b868-53e1d4966073,computer,Desktop or Laptop,Windows 10,Chrome 111.0.0.0,1536x864,1536x722,,Demographic_Intake,6,No,EngFluent-quantised,1
7,1680451894904,02/04/2023 16:11:34,1680451951455,-7,02/04/2023 09:12:31,128679,4,questionnaire-e4hl,,28612548,BLIND,8514912,,complete,,a8792e44-b532-4766-b868-53e1d4966073,computer,Desktop or Laptop,Windows 10,Chrome 111.0.0.0,1536x864,1536x722,,Demographic_Intake,6,No,END QUESTIONNAIRE,11002
1,1680451886985,02/04/2023 16:11:26,1680451886809,-4,02/04/2023 12:11:26,128679,4,questionnaire-e4hl,,28612550,BLIND,8514915,,complete,,03e0fee8-e6d6-406a-b7a5-ec435127d218,computer,Desktop or Laptop,Mac OS 10.15.7,Chrome 111.0.0.0,1440x900,1440x712,,Demographic_Intake,6,No,BEGIN QUESTIONNAIRE,
2,1680451897316,02/04/2023 16:11:37,1680451897117,-4,02/04/2023 12:11:37,128679,4,questionnaire-e4hl,,28612550,BLIND,8514915,,complete,,03e0fee8-e6d6-406a-b7a5-ec435127d218,computer,Desktop or Laptop,Mac OS 10.15.7,Chrome 111.0.0.0,1440x900,1440x712,,Demographic_Intake,6,No,age,35
3,1680451897477,02/04/2023 16:11:37,1680451897119,-4,02/04/2023 12:11:37,128679,4,questionnaire-e4hl,,28612550,BLIND,8514915,,complete,,03e0fee8-e6d6-406a-b7a5-ec435127d218,computer,Desktop or Laptop,Mac OS 10.15.7,Chrome 111.0.0.0,1440x900,1440x712,,Demographic_Intake,6,No,gender,Female
4,1680451897477,02/04/2023 16:11:37,1680451897119,-4,02/04/2023 12:11:37,128679,4,questionnaire-e4hl,,28612550,BLIND,8514915,,complete,,03e0fee8-e6d6-406a-b7a5-ec435127d218,computer,Desktop or Laptop,Mac OS 10.15.7,Chrome 111.0.0.0,1440x900,1440x712,,Demographic_Intake,6,No,gender-quantised,2
5,1680451897477,02/04/2023 16:11:37,1680451897119,-4,02/04/2023 12:11:37,128679,4,questionnaire-e4hl,,28612550,BLIND,8514915,,complete,,03e0fee8-e6d6-406a-b7a5-ec435127d218,computer,Desktop or Laptop,Mac OS 10.15.7,Chrome 111.0.0.0,1440x900,1440x712,,Demographic_Intake,6,No,EngFluent,Yes
6,1680451897477,02/04/2023 16:11:37,1680451897119,-4,02/04/2023 12:11:37,128679,4,questionnaire-e4hl,,28612550,BLIND,8514915,,complete,,03e0fee8-e6d6-406a-b7a5-ec435127d218,computer,Desktop or Laptop,Mac OS 10.15.7,Chrome 111.0.0.0,1440x900,1440x712,,Demographic_Intake,6,No,EngFluent-quantised,1
7,1680451897477,02/04/2023 16:11:37,1680451897119,-4,02/04/2023 12:11:37,128679,4,questionnaire-e4hl,,28612550,BLIND,8514915,,complete,,03e0fee8-e6d6-406a-b7a5-ec435127d218,computer,Desktop or Laptop,Mac OS 10.15.7,Chrome 111.0.0.0,1440x900,1440x712,,Demographic_Intake,6,No,END QUESTIONNAIRE,10310
1,1680451888793,02/04/2023 16:11:28,1680451888864,-4,02/04/2023 12:11:28,128679,4,questionnaire-e4hl,,28612553,BLIND,8514906,,complete,,40cd75bc-607f-41a9-a178-18a47c088316,computer,Desktop or Laptop,Windows 10,Edge 111.0.1661.62,1920x1080,1920x975,,Demographic_Intake,6,No,BEGIN QUESTIONNAIRE,
2,1680451899547,02/04/2023 16:11:39,1680451899678,-4,02/04/2023 12:11:39,128679,4,questionnaire-e4hl,,28612553,BLIND,8514906,,complete,,40cd75bc-607f-41a9-a178-18a47c088316,computer,Desktop or Laptop,Windows 10,Edge 111.0.1661.62,1920x1080,1920x975,,Demographic_Intake,6,No,age,53
3,1680451899702,02/04/2023 16:11:39,1680451899678,-4,02/04/2023 12:11:39,128679,4,questionnaire-e4hl,,28612553,BLIND,8514906,,complete,,40cd75bc-607f-41a9-a178-18a47c088316,computer,Desktop or Laptop,Windows 10,Edge 111.0.1661.62,1920x1080,1920x975,,Demographic_Intake,6,No,gender,Female
4,1680451899702,02/04/2023 16:11:39,1680451899678,-4,02/04/2023 12:11:39,128679,4,questionnaire-e4hl,,28612553,BLIND,8514906,,complete,,40cd75bc-607f-41a9-a178-18a47c088316,computer,Desktop or Laptop,Windows 10,Edge 111.0.1661.62,1920x1080,1920x975,,Demographic_Intake,6,No,gender-quantised,2
5,1680451899702,02/04/2023 16:11:39,1680451899678,-4,02/04/2023 12:11:39,128679,4,questionnaire-e4hl,,28612553,BLIND,8514906,,complete,,40cd75bc-607f-41a9-a178-18a47c088316,computer,Desktop or Laptop,Windows 10,Edge 111.0.1661.62,1920x1080,1920x975,,Demographic_Intake,6,No,EngFluent,No
6,1680451899702,02/04/2023 16:11:39,1680451899678,-4,02/04/2023 12:11:39,128679,4,questionnaire-e4hl,,28612553,BLIND,8514906,,complete,,40cd75bc-607f-41a9-a178-18a47c088316,computer,Desktop or Laptop,Windows 10,Edge 111.0.1661.62,1920x1080,1920x975,,Demographic_Intake,6,No,EngFluent-quantised,2
7,1680451899702,02/04/2023 16:11:39,1680451899678,-4,02/04/2023 12:11:39,128679,4,questionnaire-e4hl,,28612553,BLIND,8514906,,complete,,40cd75bc-607f-41a9-a178-18a47c088316,computer,Desktop or Laptop,Windows 10,Edge 111.0.1661.62,1920x1080,1920x975,,Demographic_Intake,6,No,END QUESTIONNAIRE,10814
1,1680451891750,02/04/2023 16:11:31,1680451893926,-4,02/04/2023 12:11:33,128679,4,questionnaire-e4hl,,28612556,BLIND,8514917,,complete,,9171a441-249c-49e0-9c98-7972403825a4,computer,Desktop or Laptop,Windows 10,Chrome 111.0.0.0,1366x768,1366x657,,Demographic_Intake,6,No,BEGIN QUESTIONNAIRE,
2,1680451900741,02/04/2023 16:11:40,1680451902718,-4,02/04/2023 12:11:42,128679,4,questionnaire-e4hl,,28612556,BLIND,8514917,,complete,,9171a441-249c-49e0-9c98-7972403825a4,computer,Desktop or Laptop,Windows 10,Chrome 111.0.0.0,1366x768,1366x657,,Demographic_Intake,6,No,age,35
3,1680451900874,02/04/2023 16:11:40,1680451902720,-4,02/04/2023 12:11:42,128679,4,questionnaire-e4hl,,28612556,BLIND,8514917,,complete,,9171a441-249c-49e0-9c98-7972403825a4,computer,Desktop or Laptop,Windows 10,Chrome 111.0.0.0,1366x768,1366x657,,Demographic_Intake,6,No,gender,Female
4,1680451900874,02/04/2023 16:11:40,1680451902720,-4,02/04/2023 12:11:42,128679,4,questionnaire-e4hl,,28612556,BLIND,8514917,,complete,,9171a441-249c-49e0-9c98-7972403825a4,computer,Desktop or Laptop,Windows 10,Chrome 111.0.0.0,1366x768,1366x657,,Demographic_Intake,6,No,gender-quantised,2
5,1680451900874,02/04/2023 16:11:40,1680451902720,-4,02/04/2023 12:11:42,128679,4,questionnaire-e4hl,,28612556,BLIND,8514917,,complete,,9171a441-249c-49e0-9c98-7972403825a4,computer,Desktop or Laptop,Windows 10,Chrome 111.0.0.0,1366x768,1366x657,,Demographic_Intake,6,No,EngFluent,Yes
6,1680451900874,02/04/2023 16:11:40,1680451902720,-4,02/04/2023 12:11:42,128679,4,questionnaire-e4hl,,28612556,BLIND,8514917,,complete,,9171a441-249c-49e0-9c98-7972403825a4,computer,Desktop or Laptop,Windows 10,Chrome 111.0.0.0,1366x768,1366x657,,Demographic_Intake,6,No,EngFluent-quantised,1
7,1680451900874,02/04/2023 16:11:40,1680451902720,-4,02/04/2023 12:11:42,128679,4,questionnaire-e4hl,,28612556,BLIND,8514917,,complete,,9171a441-249c-49e0-9c98-7972403825a4,computer,Desktop or Laptop,Windows 10,Chrome 111.0.0.0,1366x768,1366x657,,Demographic_Intake,6,No,END QUESTIONNAIRE,8794
1,1680451904175,02/04/2023 16:11:44,1680451906520,-5,02/04/2023 11:11:46,128679,4,questionnaire-e4hl,,28612567,BLIND,8514919,,complete,,c4d57da0-c3bb-41a8-b893-03397593341a,computer,Desktop or Laptop,Windows 10,Firefox 111.0,1920x1080,1920x947,,Demographic_Intake,6,No,BEGIN QUESTIONNAIRE,
2,1680451913493,02/04/2023 16:11:53,1680451915923,-5,02/04/2023 11:11:55,128679,4,questionnaire-e4hl,,28612567,BLIND,8514919,,complete,,c4d57da0-c3bb-41a8-b893-03397593341a,computer,Desktop or Laptop,Windows 10,Firefox 111.0,1920x1080,1920x947,,Demographic_Intake,6,No,age,40
3,1680451913705,02/04/2023 16:11:53,1680451915925,-5,02/04/2023 11:11:55,128679,4,questionnaire-e4hl,,28612567,BLIND,8514919,,complete,,c4d57da0-c3bb-41a8-b893-03397593341a,computer,Desktop or Laptop,Windows 10,Firefox 111.0,1920x1080,1920x947,,Demographic_Intake,6,No,gender,Female
4,1680451913705,02/04/2023 16:11:53,1680451915926,-5,02/04/2023 11:11:55,128679,4,questionnaire-e4hl,,28612567,BLIND,8514919,,complete,,c4d57da0-c3bb-41a8-b893-03397593341a,computer,Desktop or Laptop,Windows 10,Firefox 111.0,1920x1080,1920x947,,Demographic_Intake,6,No,gender-quantised,2
5,1680451913705,02/04/2023 16:11:53,1680451915926,-5,02/04/2023 11:11:55,128679,4,questionnaire-e4hl,,28612567,BLIND,8514919,,complete,,c4d57da0-c3bb-41a8-b893-03397593341a,computer,Desktop or Laptop,Windows 10,Firefox 111.0,1920x1080,1920x947,,Demographic_Intake,6,No,EngFluent,Yes
6,1680451913705,02/04/2023 16:11:53,1680451915926,-5,02/04/2023 11:11:55,128679,4,questionnaire-e4hl,,28612567,BLIND,8514919,,complete,,c4d57da0-c3bb-41a8-b893-03397593341a,computer,Desktop or Laptop,Windows 10,Firefox 111.0,1920x1080,1920x947,,Demographic_Intake,6,No,EngFluent-quantised,1
7,1680451913705,02/04/2023 16:11:53,1680451915926,-5,02/04/2023 11:11:55,128679,4,questionnaire-e4hl,,28612567,BLIND,8514919,,complete,,c4d57da0-c3bb-41a8-b893-03397593341a,computer,Desktop or Laptop,Windows 10,Firefox 111.0,1920x1080,1920x947,,Demographic_Intake,6,No,END QUESTIONNAIRE,9406
1,1680451908244,02/04/2023 16:11:48,1680451908286,-5,02/04/2023 11:11:48,128679,4,questionnaire-e4hl,,28612569,BLIND,8514920,,complete,,68fe48f1-ed1d-4905-be87-acb600d16c6d,computer,Desktop or Laptop,Chromium OS 15329.44.0,Chrome 111.0.0.0,1366x768,1366x665,,Demographic_Intake,6,No,BEGIN QUESTIONNAIRE,
2,1680451956041,02/04/2023 16:12:36,1680451955798,-5,02/04/2023 11:12:35,128679,4,questionnaire-e4hl,,28612569,BLIND,8514920,,complete,,68fe48f1-ed1d-4905-be87-acb600d16c6d,computer,Desktop or Laptop,Chromium OS 15329.44.0,Chrome 111.0.0.0,1366x768,1366x665,,Demographic_Intake,6,No,age,33
3,1680451956251,02/04/2023 16:12:36,1680451955800,-5,02/04/2023 11:12:35,128679,4,questionnaire-e4hl,,28612569,BLIND,8514920,,complete,,68fe48f1-ed1d-4905-be87-acb600d16c6d,computer,Desktop or Laptop,Chromium OS 15329.44.0,Chrome 111.0.0.0,1366x768,1366x665,,Demographic_Intake,6,No,gender,Female
4,1680451956251,02/04/2023 16:12:36,1680451955801,-5,02/04/2023 11:12:35,128679,4,questionnaire-e4hl,,28612569,BLIND,8514920,,complete,,68fe48f1-ed1d-4905-be87-acb600d16c6d,computer,Desktop or Laptop,Chromium OS 15329.44.0,Chrome 111.0.0.0,1366x768,1366x665,,Demographic_Intake,6,No,gender-quantised,2
5,1680451956251,02/04/2023 16:12:36,1680451955801,-5,02/04/2023 11:12:35,128679,4,questionnaire-e4hl,,28612569,BLIND,8514920,,complete,,68fe48f1-ed1d-4905-be87-acb600d16c6d,computer,Desktop or Laptop,Chromium OS 15329.44.0,Chrome 111.0.0.0,1366x768,1366x665,,Demographic_Intake,6,No,EngFluent,Yes
6,1680451956251,02/04/2023 16:12:36,1680451955801,-5,02/04/2023 11:12:35,128679,4,questionnaire-e4hl,,28612569,BLIND,8514920,,complete,,68fe48f1-ed1d-4905-be87-acb600d16c6d,computer,Desktop or Laptop,Chromium OS 15329.44.0,Chrome 111.0.0.0,1366x768,1366x665,,Demographic_Intake,6,No,EngFluent-quantised,1
7,1680451956251,02/04/2023 16:12:36,1680451955801,-5,02/04/2023 11:12:35,128679,4,questionnaire-e4hl,,28612569,BLIND,8514920,,complete,,68fe48f1-ed1d-4905-be87-acb600d16c6d,computer,Desktop or Laptop,Chromium OS 15329.44.0,Chrome 111.0.0.0,1366x768,1366x665,,Demographic_Intake,6,No,END QUESTIONNAIRE,47515
1,1680451908450,02/04/2023 16:11:48,1680451907630,-4,02/04/2023 12:11:47,128679,4,questionnaire-e4hl,,28612571,BLIND,8514921,,complete,,efabb31d-3592-4b6d-b5bf-9906ec8cecc3,computer,Desktop or Laptop,Windows 10,Chrome 111.0.0.0,1920x1080,1920x937,,Demographic_Intake,6,No,BEGIN QUESTIONNAIRE,
2,1680451918059,02/04/2023 16:11:58,1680451917275,-4,02/04/2023 12:11:57,128679,4,questionnaire-e4hl,,28612571,BLIND,8514921,,complete,,efabb31d-3592-4b6d-b5bf-9906ec8cecc3,computer,Desktop or Laptop,Windows 10,Chrome 111.0.0.0,1920x1080,1920x937,,Demographic_Intake,6,No,age,51
3,1680451918226,02/04/2023 16:11:58,1680451917276,-4,02/04/2023 12:11:57,128679,4,questionnaire-e4hl,,28612571,BLIND,8514921,,complete,,efabb31d-3592-4b6d-b5bf-9906ec8cecc3,computer,Desktop or Laptop,Windows 10,Chrome 111.0.0.0,1920x1080,1920x937,,Demographic_Intake,6,No,gender,Female
4,1680451918226,02/04/2023 16:11:58,1680451917276,-4,02/04/2023 12:11:57,128679,4,questionnaire-e4hl,,28612571,BLIND,8514921,,complete,,efabb31d-3592-4b6d-b5bf-9906ec8cecc3,computer,Desktop or Laptop,Windows 10,Chrome 111.0.0.0,1920x1080,1920x937,,Demographic_Intake,6,No,gender-quantised,2
5,1680451918226,02/04/2023 16:11:58,1680451917276,-4,02/04/2023 12:11:57,128679,4,questionnaire-e4hl,,28612571,BLIND,8514921,,complete,,efabb31d-3592-4b6d-b5bf-9906ec8cecc3,computer,Desktop or Laptop,Windows 10,Chrome 111.0.0.0,1920x1080,1920x937,,Demographic_Intake,6,No,EngFluent,Yes
6,1680451918226,02/04/2023 16:11:58,1680451917276,-4,02/04/2023 12:11:57,128679,4,questionnaire-e4hl,,28612571,BLIND,8514921,,complete,,efabb31d-3592-4b6d-b5bf-9906ec8cecc3,computer,Desktop or Laptop,Windows 10,Chrome 111.0.0.0,1920x1080,1920x937,,Demographic_Intake,6,No,EngFluent-quantised,1
7,1680451918226,02/04/2023 16:11:58,1680451917276,-4,02/04/2023 12:11:57,128679,4,questionnaire-e4hl,,28612571,BLIND,8514921,,complete,,efabb31d-3592-4b6d-b5bf-9906ec8cecc3,computer,Desktop or Laptop,Windows 10,Chrome 111.0.0.0,1920x1080,1920x937,,Demographic_Intake,6,No,END QUESTIONNAIRE,9646
1,1680451909868,02/04/2023 16:11:49,1680451910610,-5,02/04/2023 11:11:50,128679,4,questionnaire-e4hl,,28612572,BLIND,8514910,,complete,,7e34991a-abcd-421a-b6a8-61b4f53cc79f,computer,Desktop or Laptop,Windows 10,Chrome 111.0.0.0,1536x864,1536x714,,Demographic_Intake,6,No,BEGIN QUESTIONNAIRE,
2,1680451921677,02/04/2023 16:12:01,1680451922191,-5,02/04/2023 11:12:02,128679,4,questionnaire-e4hl,,28612572,BLIND,8514910,,complete,,7e34991a-abcd-421a-b6a8-61b4f53cc79f,computer,Desktop or Laptop,Windows 10,Chrome 111.0.0.0,1536x864,1536x714,,Demographic_Intake,6,No,age,39
3,1680451921846,02/04/2023 16:12:01,1680451922193,-5,02/04/2023 11:12:02,128679,4,questionnaire-e4hl,,28612572,BLIND,8514910,,complete,,7e34991a-abcd-421a-b6a8-61b4f53cc79f,computer,Desktop or Laptop,Windows 10,Chrome 111.0.0.0,1536x864,1536x714,,Demographic_Intake,6,No,gender,Female
4,1680451921846,02/04/2023 16:12:01,1680451922194,-5,02/04/2023 11:12:02,128679,4,questionnaire-e4hl,,28612572,BLIND,8514910,,complete,,7e34991a-abcd-421a-b6a8-61b4f53cc79f,computer,Desktop or Laptop,Windows 10,Chrome 111.0.0.0,1536x864,1536x714,,Demographic_Intake,6,No,gender-quantised,2
5,1680451921846,02/04/2023 16:12:01,1680451922194,-5,02/04/2023 11:12:02,128679,4,questionnaire-e4hl,,28612572,BLIND,8514910,,complete,,7e34991a-abcd-421a-b6a8-61b4f53cc79f,computer,Desktop or Laptop,Windows 10,Chrome 111.0.0.0,1536x864,1536x714,,Demographic_Intake,6,No,EngFluent,Yes
6,1680451921846,02/04/2023 16:12:01,1680451922194,-5,02/04/2023 11:12:02,128679,4,questionnaire-e4hl,,28612572,BLIND,8514910,,complete,,7e34991a-abcd-421a-b6a8-61b4f53cc79f,computer,Desktop or Laptop,Windows 10,Chrome 111.0.0.0,1536x864,1536x714,,Demographic_Intake,6,No,EngFluent-quantised,1
7,1680451921846,02/04/2023 16:12:01,1680451922194,-5,02/04/2023 11:12:02,128679,4,questionnaire-e4hl,,28612572,BLIND,8514910,,complete,,7e34991a-abcd-421a-b6a8-61b4f53cc79f,computer,Desktop or Laptop,Windows 10,Chrome 111.0.0.0,1536x864,1536x714,,Demographic_Intake,6,No,END QUESTIONNAIRE,11584
1,1680451927943,02/04/2023 16:12:07,1680451927795,-4,02/04/2023 12:12:07,128679,4,questionnaire-e4hl,,28612581,BLIND,8514914,,complete,,cbc360d2-b55a-401f-b00a-f7cb37841bea,computer,Desktop or Laptop,Windows 10,Chrome 111.0.0.0,1366x768,1517x685,,Demographic_Intake,6,No,BEGIN QUESTIONNAIRE,
2,1680451937742,02/04/2023 16:12:17,1680451937649,-4,02/04/2023 12:12:17,128679,4,questionnaire-e4hl,,28612581,BLIND,8514914,,complete,,cbc360d2-b55a-401f-b00a-f7cb37841bea,computer,Desktop or Laptop,Windows 10,Chrome 111.0.0.0,1366x768,1517x685,,Demographic_Intake,6,No,age,43
3,1680451937874,02/04/2023 16:12:17,1680451937651,-4,02/04/2023 12:12:17,128679,4,questionnaire-e4hl,,28612581,BLIND,8514914,,complete,,cbc360d2-b55a-401f-b00a-f7cb37841bea,computer,Desktop or Laptop,Windows 10,Chrome 111.0.0.0,1366x768,1517x685,,Demographic_Intake,6,No,gender,Female
4,1680451937874,02/04/2023 16:12:17,1680451937651,-4,02/04/2023 12:12:17,128679,4,questionnaire-e4hl,,28612581,BLIND,8514914,,complete,,cbc360d2-b55a-401f-b00a-f7cb37841bea,computer,Desktop or Laptop,Windows 10,Chrome 111.0.0.0,1366x768,1517x685,,Demographic_Intake,6,No,gender-quantised,2
5,1680451937874,02/04/2023 16:12:17,1680451937651,-4,02/04/2023 12:12:17,128679,4,questionnaire-e4hl,,28612581,BLIND,8514914,,complete,,cbc360d2-b55a-401f-b00a-f7cb37841bea,computer,Desktop or Laptop,Windows 10,Chrome 111.0.0.0,1366x768,1517x685,,Demographic_Intake,6,No,EngFluent,Yes
6,1680451937874,02/04/2023 16:12:17,1680451937651,-4,02/04/2023 12:12:17,128679,4,questionnaire-e4hl,,28612581,BLIND,8514914,,complete,,cbc360d2-b55a-401f-b00a-f7cb37841bea,computer,Desktop or Laptop,Windows 10,Chrome 111.0.0.0,1366x768,1517x685,,Demographic_Intake,6,No,EngFluent-quantised,1
7,1680451937874,02/04/2023 16:12:17,1680451937651,-4,02/04/2023 12:12:17,128679,4,questionnaire-e4hl,,28612581,BLIND,8514914,,complete,,cbc360d2-b55a-401f-b00a-f7cb37841bea,computer,Desktop or Laptop,Windows 10,Chrome 111.0.0.0,1366x768,1517x685,,Demographic_Intake,6,No,END QUESTIONNAIRE,9856
1,1680451932538,02/04/2023 16:12:12,1680451926589,-4,02/04/2023 12:12:06,128679,4,questionnaire-e4hl,,28612584,BLIND,8514922,,complete,,2b800519-e318-4358-a89e-81e614a386cd,computer,Desktop or Laptop,Chromium OS 14816.131.4,Chrome 103.0.0.0,910x512,910x441,,Demographic_Intake,6,No,BEGIN QUESTIONNAIRE,
2,1680451956679,02/04/2023 16:12:36,1680451950793,-4,02/04/2023 12:12:30,128679,4,questionnaire-e4hl,,28612584,BLIND,8514922,,complete,,2b800519-e318-4358-a89e-81e614a386cd,computer,Desktop or Laptop,Chromium OS 14816.131.4,Chrome 103.0.0.0,910x512,910x441,,Demographic_Intake,6,No,age,41
3,1680451956849,02/04/2023 16:12:36,1680451950798,-4,02/04/2023 12:12:30,128679,4,questionnaire-e4hl,,28612584,BLIND,8514922,,complete,,2b800519-e318-4358-a89e-81e614a386cd,computer,Desktop or Laptop,Chromium OS 14816.131.4,Chrome 103.0.0.0,910x512,910x441,,Demographic_Intake,6,No,gender,Female
4,1680451956849,02/04/2023 16:12:36,1680451950798,-4,02/04/2023 12:12:30,128679,4,questionnaire-e4hl,,28612584,BLIND,8514922,,complete,,2b800519-e318-4358-a89e-81e614a386cd,computer,Desktop or Laptop,Chromium OS 14816.131.4,Chrome 103.0.0.0,910x512,910x441,,Demographic_Intake,6,No,gender-quantised,2
5,1680451956849,02/04/2023 16:12:36,1680451950798,-4,02/04/2023 12:12:30,128679,4,questionnaire-e4hl,,28612584,BLIND,8514922,,complete,,2b800519-e318-4358-a89e-81e614a386cd,computer,Desktop or Laptop,Chromium OS 14816.131.4,Chrome 103.0.0.0,910x512,910x441,,Demographic_Intake,6,No,EngFluent,Yes
6,1680451956849,02/04/2023 16:12:36,1680451950799,-4,02/04/2023 12:12:30,128679,4,questionnaire-e4hl,,28612584,BLIND,8514922,,complete,,2b800519-e318-4358-a89e-81e614a386cd,computer,Desktop or Laptop,Chromium OS 14816.131.4,Chrome 103.0.0.0,910x512,910x441,,Demographic_Intake,6,No,EngFluent-quantised,1
7,1680451956849,02/04/2023 16:12:36,1680451950799,-4,02/04/2023 12:12:30,128679,4,questionnaire-e4hl,,28612584,BLIND,8514922,,complete,,2b800519-e318-4358-a89e-81e614a386cd,computer,Desktop or Laptop,Chromium OS 14816.131.4,Chrome 103.0.0.0,910x512,910x441,,Demographic_Intake,6,No,END QUESTIONNAIRE,24210
1,1680451942345,02/04/2023 16:12:22,1680451942069,-6,02/04/2023 10:12:22,128679,4,questionnaire-e4hl,,28612586,BLIND,8514916,,complete,,797508bc-b391-491d-a160-804de55aab74,computer,Desktop or Laptop,Windows 10,Chrome 111.0.0.0,1280x720,1600x734,,Demographic_Intake,6,No,BEGIN QUESTIONNAIRE,
2,1680451951971,02/04/2023 16:12:31,1680451951721,-6,02/04/2023 10:12:31,128679,4,questionnaire-e4hl,,28612586,BLIND,8514916,,complete,,797508bc-b391-491d-a160-804de55aab74,computer,Desktop or Laptop,Windows 10,Chrome 111.0.0.0,1280x720,1600x734,,Demographic_Intake,6,No,age,61
3,1680451952153,02/04/2023 16:12:32,1680451951723,-6,02/04/2023 10:12:31,128679,4,questionnaire-e4hl,,28612586,BLIND,8514916,,complete,,797508bc-b391-491d-a160-804de55aab74,computer,Desktop or Laptop,Windows 10,Chrome 111.0.0.0,1280x720,1600x734,,Demographic_Intake,6,No,gender,Female
4,1680451952153,02/04/2023 16:12:32,1680451951723,-6,02/04/2023 10:12:31,128679,4,questionnaire-e4hl,,28612586,BLIND,8514916,,complete,,797508bc-b391-491d-a160-804de55aab74,computer,Desktop or Laptop,Windows 10,Chrome 111.0.0.0,1280x720,1600x734,,Demographic_Intake,6,No,gender-quantised,2
5,1680451952153,02/04/2023 16:12:32,1680451951723,-6,02/04/2023 10:12:31,128679,4,questionnaire-e4hl,,28612586,BLIND,8514916,,complete,,797508bc-b391-491d-a160-804de55aab74,computer,Desktop or Laptop,Windows 10,Chrome 111.0.0.0,1280x720,1600x734,,Demographic_Intake,6,No,EngFluent,Yes
6,1680451952153,02/04/2023 16:12:32,1680451951723,-6,02/04/2023 10:12:31,128679,4,questionnaire-e4hl,,28612586,BLIND,8514916,,complete,,797508bc-b391-491d-a160-804de55aab74,computer,Desktop or Laptop,Windows 10,Chrome 111.0.0.0,1280x720,1600x734,,Demographic_Intake,6,No,EngFluent-quantised,1
7,1680451952153,02/04/2023 16:12:32,1680451951723,-6,02/04/2023 10:12:31,128679,4,questionnaire-e4hl,,28612586,BLIND,8514916,,complete,,797508bc-b391-491d-a160-804de55aab74,computer,Desktop or Laptop,Windows 10,Chrome 111.0.0.0,1280x720,1600x734,,Demographic_Intake,6,No,END QUESTIONNAIRE,9654
1,1680451952032,02/04/2023 16:12:32,1680451951860,-4,02/04/2023 12:12:31,128679,4,questionnaire-e4hl,,28612593,BLIND,8514924,,complete,,2fdf01ad-0bb9-47d6-ae44-24fb20d56d93,computer,Desktop or Laptop,Windows 10,Chrome 111.0.0.0,1366x768,1821x876,,Demographic_Intake,6,No,BEGIN QUESTIONNAIRE,
2,1680451960909,02/04/2023 16:12:40,1680451960769,-4,02/04/2023 12:12:40,128679,4,questionnaire-e4hl,,28612593,BLIND,8514924,,complete,,2fdf01ad-0bb9-47d6-ae44-24fb20d56d93,computer,Desktop or Laptop,Windows 10,Chrome 111.0.0.0,1366x768,1821x876,,Demographic_Intake,6,No,age,25
3,1680451961120,02/04/2023 16:12:41,1680451960774,-4,02/04/2023 12:12:40,128679,4,questionnaire-e4hl,,28612593,BLIND,8514924,,complete,,2fdf01ad-0bb9-47d6-ae44-24fb20d56d93,computer,Desktop or Laptop,Windows 10,Chrome 111.0.0.0,1366x768,1821x876,,Demographic_Intake,6,No,gender,Female
4,1680451961120,02/04/2023 16:12:41,1680451960775,-4,02/04/2023 12:12:40,128679,4,questionnaire-e4hl,,28612593,BLIND,8514924,,complete,,2fdf01ad-0bb9-47d6-ae44-24fb20d56d93,computer,Desktop or Laptop,Windows 10,Chrome 111.0.0.0,1366x768,1821x876,,Demographic_Intake,6,No,gender-quantised,2
5,1680451961120,02/04/2023 16:12:41,1680451960775,-4,02/04/2023 12:12:40,128679,4,questionnaire-e4hl,,28612593,BLIND,8514924,,complete,,2fdf01ad-0bb9-47d6-ae44-24fb20d56d93,computer,Desktop or Laptop,Windows 10,Chrome 111.0.0.0,1366x768,1821x876,,Demographic_Intake,6,No,EngFluent,Yes
6,1680451961120,02/04/2023 16:12:41,1680451960776,-4,02/04/2023 12:12:40,128679,4,questionnaire-e4hl,,28612593,BLIND,8514924,,complete,,2fdf01ad-0bb9-47d6-ae44-24fb20d56d93,computer,Desktop or Laptop,Windows 10,Chrome 111.0.0.0,1366x768,1821x876,,Demographic_Intake,6,No,EngFluent-quantised,1
7,1680451961120,02/04/2023 16:12:41,1680451960777,-4,02/04/2023 12:12:40,128679,4,questionnaire-e4hl,,28612593,BLIND,8514924,,complete,,2fdf01ad-0bb9-47d6-ae44-24fb20d56d93,computer,Desktop or Laptop,Windows 10,Chrome 111.0.0.0,1366x768,1821x876,,Demographic_Intake,6,No,END QUESTIONNAIRE,8917
1,1680452011402,02/04/2023 16:13:31,1680452010633,-4,02/04/2023 12:13:30,128679,4,questionnaire-e4hl,,28612623,BLIND,8514933,,complete,,8d31d534-ee06-4ae5-b8a2-181a76e4b39b,computer,Desktop or Laptop,Windows 10,Chrome 111.0.0.0,1680x1050,1680x907,,Demographic_Intake,6,No,BEGIN QUESTIONNAIRE,
2,1680452020984,02/04/2023 16:13:40,1680452020219,-4,02/04/2023 12:13:40,128679,4,questionnaire-e4hl,,28612623,BLIND,8514933,,complete,,8d31d534-ee06-4ae5-b8a2-181a76e4b39b,computer,Desktop or Laptop,Windows 10,Chrome 111.0.0.0,1680x1050,1680x907,,Demographic_Intake,6,No,age,61
3,1680452021127,02/04/2023 16:13:41,1680452020220,-4,02/04/2023 12:13:40,128679,4,questionnaire-e4hl,,28612623,BLIND,8514933,,complete,,8d31d534-ee06-4ae5-b8a2-181a76e4b39b,computer,Desktop or Laptop,Windows 10,Chrome 111.0.0.0,1680x1050,1680x907,,Demographic_Intake,6,No,gender,Female
4,1680452021127,02/04/2023 16:13:41,1680452020220,-4,02/04/2023 12:13:40,128679,4,questionnaire-e4hl,,28612623,BLIND,8514933,,complete,,8d31d534-ee06-4ae5-b8a2-181a76e4b39b,computer,Desktop or Laptop,Windows 10,Chrome 111.0.0.0,1680x1050,1680x907,,Demographic_Intake,6,No,gender-quantised,2
5,1680452021127,02/04/2023 16:13:41,1680452020220,-4,02/04/2023 12:13:40,128679,4,questionnaire-e4hl,,28612623,BLIND,8514933,,complete,,8d31d534-ee06-4ae5-b8a2-181a76e4b39b,computer,Desktop or Laptop,Windows 10,Chrome 111.0.0.0,1680x1050,1680x907,,Demographic_Intake,6,No,EngFluent,Yes
6,1680452021127,02/04/2023 16:13:41,1680452020220,-4,02/04/2023 12:13:40,128679,4,questionnaire-e4hl,,28612623,BLIND,8514933,,complete,,8d31d534-ee06-4ae5-b8a2-181a76e4b39b,computer,Desktop or Laptop,Windows 10,Chrome 111.0.0.0,1680x1050,1680x907,,Demographic_Intake,6,No,EngFluent-quantised,1
7,1680452021127,02/04/2023 16:13:41,1680452020221,-4,02/04/2023 12:13:40,128679,4,questionnaire-e4hl,,28612623,BLIND,8514933,,complete,,8d31d534-ee06-4ae5-b8a2-181a76e4b39b,computer,Desktop or Laptop,Windows 10,Chrome 111.0.0.0,1680x1050,1680x907,,Demographic_Intake,6,No,END QUESTIONNAIRE,9588
1,1680452027665,02/04/2023 16:13:47,1680452024574,-5,02/04/2023 11:13:44,128679,4,questionnaire-e4hl,,28612635,BLIND,8514937,,complete,,df902e8b-453e-4f28-9ae2-eedc17273424,computer,Desktop or Laptop,Windows 10,Chrome 111.0.0.0,1366x768,1366x649,,Demographic_Intake,6,No,BEGIN QUESTIONNAIRE,
2,1680452035609,02/04/2023 16:13:55,1680452032558,-5,02/04/2023 11:13:52,128679,4,questionnaire-e4hl,,28612635,BLIND,8514937,,complete,,df902e8b-453e-4f28-9ae2-eedc17273424,computer,Desktop or Laptop,Windows 10,Chrome 111.0.0.0,1366x768,1366x649,,Demographic_Intake,6,No,age,38
3,1680452035781,02/04/2023 16:13:55,1680452032560,-5,02/04/2023 11:13:52,128679,4,questionnaire-e4hl,,28612635,BLIND,8514937,,complete,,df902e8b-453e-4f28-9ae2-eedc17273424,computer,Desktop or Laptop,Windows 10,Chrome 111.0.0.0,1366x768,1366x649,,Demographic_Intake,6,No,gender,Female
4,1680452035781,02/04/2023 16:13:55,1680452032560,-5,02/04/2023 11:13:52,128679,4,questionnaire-e4hl,,28612635,BLIND,8514937,,complete,,df902e8b-453e-4f28-9ae2-eedc17273424,computer,Desktop or Laptop,Windows 10,Chrome 111.0.0.0,1366x768,1366x649,,Demographic_Intake,6,No,gender-quantised,2
5,1680452035781,02/04/2023 16:13:55,1680452032560,-5,02/04/2023 11:13:52,128679,4,questionnaire-e4hl,,28612635,BLIND,8514937,,complete,,df902e8b-453e-4f28-9ae2-eedc17273424,computer,Desktop or Laptop,Windows 10,Chrome 111.0.0.0,1366x768,1366x649,,Demographic_Intake,6,No,EngFluent,Yes
6,1680452035781,02/04/2023 16:13:55,1680452032561,-5,02/04/2023 11:13:52,128679,4,questionnaire-e4hl,,28612635,BLIND,8514937,,complete,,df902e8b-453e-4f28-9ae2-eedc17273424,computer,Desktop or Laptop,Windows 10,Chrome 111.0.0.0,1366x768,1366x649,,Demographic_Intake,6,No,EngFluent-quantised,1
7,1680452035781,02/04/2023 16:13:55,1680452032561,-5,02/04/2023 11:13:52,128679,4,questionnaire-e4hl,,28612635,BLIND,8514937,,complete,,df902e8b-453e-4f28-9ae2-eedc17273424,computer,Desktop or Laptop,Windows 10,Chrome 111.0.0.0,1366x768,1366x649,,Demographic_Intake,6,No,END QUESTIONNAIRE,7987
1,1680452146603,02/04/2023 16:15:46,1680452146578,-4,02/04/2023 12:15:46,128679,4,questionnaire-e4hl,,28612668,BLIND,8514947,,complete,,c4cb48d5-3e7d-4bfd-82a5-db5ed73bdc96,computer,Desktop or Laptop,Windows 10,Chrome 111.0.0.0,1600x900,1601x789,,Demographic_Intake,6,No,BEGIN QUESTIONNAIRE,
2,1680452151889,02/04/2023 16:15:51,1680452151903,-4,02/04/2023 12:15:51,128679,4,questionnaire-e4hl,,28612668,BLIND,8514947,,complete,,c4cb48d5-3e7d-4bfd-82a5-db5ed73bdc96,computer,Desktop or Laptop,Windows 10,Chrome 111.0.0.0,1600x900,1601x789,,Demographic_Intake,6,No,age,38
3,1680452152048,02/04/2023 16:15:52,1680452151904,-4,02/04/2023 12:15:51,128679,4,questionnaire-e4hl,,28612668,BLIND,8514947,,complete,,c4cb48d5-3e7d-4bfd-82a5-db5ed73bdc96,computer,Desktop or Laptop,Windows 10,Chrome 111.0.0.0,1600x900,1601x789,,Demographic_Intake,6,No,gender,Female
4,1680452152048,02/04/2023 16:15:52,1680452151904,-4,02/04/2023 12:15:51,128679,4,questionnaire-e4hl,,28612668,BLIND,8514947,,complete,,c4cb48d5-3e7d-4bfd-82a5-db5ed73bdc96,computer,Desktop or Laptop,Windows 10,Chrome 111.0.0.0,1600x900,1601x789,,Demographic_Intake,6,No,gender-quantised,2
5,1680452152048,02/04/2023 16:15:52,1680452151904,-4,02/04/2023 12:15:51,128679,4,questionnaire-e4hl,,28612668,BLIND,8514947,,complete,,c4cb48d5-3e7d-4bfd-82a5-db5ed73bdc96,computer,Desktop or Laptop,Windows 10,Chrome 111.0.0.0,1600x900,1601x789,,Demographic_Intake,6,No,EngFluent,Yes
6,1680452152048,02/04/2023 16:15:52,1680452151904,-4,02/04/2023 12:15:51,128679,4,questionnaire-e4hl,,28612668,BLIND,8514947,,complete,,c4cb48d5-3e7d-4bfd-82a5-db5ed73bdc96,computer,Desktop or Laptop,Windows 10,Chrome 111.0.0.0,1600x900,1601x789,,Demographic_Intake,6,No,EngFluent-quantised,1
7,1680452152048,02/04/2023 16:15:52,1680452151904,-4,02/04/2023 12:15:51,128679,4,questionnaire-e4hl,,28612668,BLIND,8514947,,complete,,c4cb48d5-3e7d-4bfd-82a5-db5ed73bdc96,computer,Desktop or Laptop,Windows 10,Chrome 111.0.0.0,1600x900,1601x789,,Demographic_Intake,6,No,END QUESTIONNAIRE,5326
END OF FILE
