,Response,Response,Response,Response,Response,Response,Response,Response,Response,Response,Response,Response,Response,Response,Response
Question Key,SEE1,SEE10,SEE2,SEE3,SEE4,SEE5,SEE6,SEE7,SEE8,SEE9,SEF1,SEF2,SEF3,SEF4,SEF5
Participant Completion Code,,,,,,,,,,,,,,,
aaqmxl,1.0,5.0,1.0,2.0,5.0,2.0,3.0,3.0,4.0,2.0,5.0,5.0,6.0,3.0,3.0
acogtt,3.0,5.0,2.0,6.0,6.0,2.0,7.0,7.0,2.0,7.0,7.0,7.0,7.0,2.0,7.0
adixob,1.0,6.0,1.0,3.0,1.0,5.0,4.0,4.0,1.0,1.0,1.0,7.0,7.0,4.0,7.0
adusps,1.0,4.0,1.0,2.0,1.0,1.0,3.0,1.0,1.0,2.0,4.0,5.0,6.0,2.0,3.0
adxtsl,4.0,6.0,2.0,6.0,3.0,6.0,6.0,5.0,1.0,1.0,7.0,6.0,5.0,5.0,5.0
aeiuhw,2.0,3.0,1.0,3.0,1.0,6.0,5.0,3.0,1.0,2.0,1.0,5.0,5.0,3.0,5.0
aexdme,2.0,7.0,1.0,6.0,6.0,4.0,5.0,4.0,3.0,3.0,4.0,4.0,5.0,6.0,5.0
aflltq,1.0,7.0,1.0,3.0,1.0,7.0,7.0,2.0,1.0,7.0,1.0,7.0,4.0,6.0,7.0
afpkoh,2.0,5.0,2.0,6.0,5.0,5.0,6.0,4.0,3.0,1.0,6.0,7.0,7.0,1.0,4.0
afsdur,1.0,2.0,1.0,7.0,7.0,7.0,5.0,4.0,1.0,1.0,1.0,4.0,7.0,3.0,5.0
ahpzxq,4.0,5.0,5.0,2.0,3.0,5.0,4.0,4.0,2.0,1.0,4.0,6.0,4.0,3.0,7.0
ahyffc,2.0,5.0,1.0,6.0,2.0,6.0,4.0,5.0,3.0,1.0,3.0,3.0,5.0,5.0,7.0
aievnt,2.0,7.0,2.0,7.0,7.0,7.0,7.0,4.0,4.0,4.0,4.0,3.0,7.0,4.0,4.0
akfjlt,2.0,6.0,1.0,5.0,4.0,4.0,7.0,7.0,1.0,7.0,1.0,4.0,5.0,2.0,3.0
anqogs,2.0,3.0,1.0,3.0,5.0,2.0,3.0,3.0,3.0,2.0,6.0,5.0,6.0,3.0,5.0
apdpdy,1.0,1.0,1.0,5.0,1.0,1.0,5.0,1.0,1.0,6.0,1.0,7.0,7.0,5.0,5.0
arvyqa,1.0,3.0,1.0,2.0,1.0,1.0,3.0,1.0,1.0,1.0,1.0,2.0,2.0,1.0,1.0
atgyep,8.0,3.0,6.0,5.0,3.0,3.0,8.0,6.0,5.0,6.0,4.0,4.0,6.0,7.0,6.0
aumwbq,2.0,2.0,2.0,3.0,3.0,5.0,3.0,3.0,2.0,3.0,5.0,7.0,5.0,5.0,7.0
auszpl,1.0,4.0,1.0,1.0,4.0,4.0,1.0,2.0,7.0,4.0,7.0,4.0,7.0,1.0,4.0
avjvvk,2.0,3.0,5.0,6.0,6.0,6.0,2.0,2.0,2.0,2.0,7.0,5.0,6.0,1.0,7.0
avyney,1.0,4.0,1.0,2.0,6.0,1.0,2.0,2.0,5.0,7.0,3.0,3.0,5.0,4.0,4.0
axmdkd,1.0,5.0,1.0,5.0,6.0,6.0,5.0,3.0,2.0,5.0,2.0,5.0,6.0,3.0,5.0
ayzbgp,5.0,5.0,5.0,6.0,5.0,5.0,5.0,3.0,6.0,5.0,5.0,5.0,6.0,5.0,3.0
azqsdu,2.0,7.0,5.0,4.0,4.0,4.0,7.0,5.0,7.0,1.0,4.0,5.0,6.0,4.0,6.0
bcgpxa,5.0,6.0,3.0,5.0,3.0,5.0,7.0,5.0,3.0,3.0,6.0,7.0,7.0,5.0,6.0
bcusdb,7.0,6.0,3.0,5.0,6.0,6.0,6.0,3.0,2.0,5.0,5.0,6.0,6.0,5.0,7.0
bfapup,1.0,6.0,1.0,3.0,2.0,7.0,2.0,5.0,1.0,2.0,1.0,6.0,5.0,2.0,6.0
bfbzto,6.0,3.0,5.0,3.0,4.0,4.0,5.0,6.0,6.0,4.0,1.0,5.0,4.0,2.0,5.0
bhpdxz,2.0,5.0,1.0,5.0,2.0,6.0,5.0,5.0,2.0,1.0,2.0,7.0,7.0,5.0,7.0
biqbww,6.0,5.0,5.0,2.0,6.0,5.0,6.0,5.0,2.0,5.0,6.0,5.0,3.0,5.0,6.0
bisnhd,3.0,6.0,3.0,2.0,2.0,1.0,5.0,2.0,1.0,1.0,5.0,6.0,7.0,6.0,5.0
bkwuvn,3.0,5.0,1.0,5.0,2.0,5.0,3.0,3.0,1.0,1.0,1.0,7.0,6.0,3.0,7.0
bncpak,1.0,2.0,1.0,1.0,5.0,5.0,2.0,2.0,3.0,3.0,1.0,6.0,6.0,2.0,3.0
bquykh,7.0,7.0,3.0,6.0,3.0,3.0,5.0,3.0,3.0,1.0,6.0,3.0,5.0,3.0,6.0
brwtdd,1.0,5.0,1.0,2.0,5.0,5.0,4.0,3.0,2.0,1.0,1.0,7.0,5.0,5.0,7.0
btchmp,6.0,6.0,3.0,5.0,6.0,2.0,7.0,6.0,2.0,6.0,6.0,7.0,6.0,7.0,7.0
bykvux,2.0,5.0,2.0,3.0,4.0,2.0,6.0,6.0,4.0,3.0,3.0,5.0,6.0,3.0,6.0
bzkuxw,1.0,6.0,1.0,3.0,6.0,4.0,4.0,4.0,1.0,7.0,6.0,6.0,6.0,2.0,6.0
bzwjyb,7.0,6.0,6.0,4.0,6.0,5.0,6.0,5.0,6.0,5.0,4.0,4.0,6.0,5.0,6.0
ccrgit,5.0,5.0,6.0,5.0,6.0,5.0,6.0,5.0,5.0,6.0,5.0,6.0,5.0,6.0,5.0
cdtmsp,2.0,7.0,1.0,3.0,1.0,4.0,6.0,2.0,1.0,2.0,1.0,4.0,5.0,4.0,4.0
cftfqo,2.0,5.0,2.0,6.0,5.0,3.0,6.0,2.0,2.0,6.0,6.0,3.0,5.0,5.0,6.0
cfxqqu,1.0,6.0,1.0,2.0,2.0,7.0,5.0,5.0,5.0,3.0,2.0,5.0,3.0,3.0,5.0
cimlvf,2.0,5.0,2.0,3.0,7.0,7.0,7.0,6.0,2.0,1.0,6.0,7.0,5.0,5.0,6.0
ckarrn,1.0,5.0,1.0,2.0,3.0,4.0,1.0,1.0,3.0,5.0,4.0,4.0,4.0,4.0,4.0
ckknhj,4.0,4.0,4.0,4.0,4.0,6.0,4.0,4.0,4.0,7.0,4.0,7.0,7.0,4.0,6.0
clmzjo,5.0,5.0,5.0,5.0,5.0,6.0,5.0,6.0,5.0,3.0,6.0,5.0,5.0,5.0,5.0
cmemoq,1.0,5.0,1.0,1.0,2.0,2.0,1.0,1.0,2.0,7.0,2.0,4.0,4.0,4.0,4.0
cmowsg,2.0,4.0,1.0,5.0,6.0,7.0,6.0,3.0,2.0,6.0,3.0,7.0,3.0,2.0,7.0
cqbjwf,2.0,5.0,1.0,3.0,4.0,4.0,6.0,3.0,1.0,2.0,2.0,5.0,6.0,5.0,5.0
crvkft,2.0,7.0,1.0,7.0,7.0,7.0,1.0,5.0,1.0,7.0,7.0,5.0,7.0,2.0,7.0
ctlnwv,2.0,6.0,2.0,1.0,4.0,4.0,4.0,6.0,2.0,4.0,3.0,4.0,3.0,4.0,6.0
ctnpdz,1.0,6.0,1.0,5.0,6.0,6.0,1.0,2.0,1.0,6.0,1.0,5.0,5.0,1.0,5.0
ctpmrm,2.0,6.0,2.0,7.0,4.0,6.0,6.0,3.0,2.0,4.0,1.0,7.0,6.0,2.0,5.0
cwgdfy,2.0,7.0,1.0,7.0,6.0,7.0,5.0,7.0,6.0,2.0,1.0,6.0,6.0,1.0,7.0
cyxqrq,2.0,5.0,1.0,3.0,3.0,5.0,4.0,3.0,2.0,3.0,3.0,6.0,7.0,3.0,5.0
czeabu,7.0,6.0,1.0,5.0,7.0,7.0,3.0,5.0,1.0,5.0,5.0,3.0,2.0,7.0,5.0
cznnff,6.0,6.0,6.0,6.0,6.0,5.0,6.0,6.0,6.0,6.0,6.0,6.0,6.0,5.0,6.0
dcjkzc,5.0,7.0,5.0,2.0,1.0,7.0,3.0,7.0,7.0,1.0,5.0,3.0,6.0,6.0,6.0
ddfwkg,2.0,5.0,2.0,5.0,6.0,6.0,3.0,3.0,2.0,7.0,1.0,4.0,5.0,3.0,3.0
ddvkmy,1.0,2.0,1.0,6.0,5.0,7.0,5.0,5.0,3.0,1.0,1.0,5.0,6.0,2.0,6.0
dehbmc,6.0,6.0,5.0,3.0,6.0,5.0,6.0,5.0,6.0,5.0,6.0,5.0,6.0,5.0,6.0
dfyrjv,5.0,7.0,5.0,5.0,4.0,5.0,6.0,7.0,6.0,5.0,6.0,5.0,5.0,5.0,5.0
dkglyh,3.0,5.0,2.0,6.0,7.0,5.0,1.0,3.0,1.0,2.0,1.0,3.0,5.0,3.0,5.0
dkjymc,2.0,6.0,2.0,7.0,7.0,2.0,4.0,5.0,3.0,1.0,4.0,5.0,7.0,1.0,4.0
dlnafn,7.0,6.0,6.0,6.0,6.0,6.0,6.0,6.0,6.0,6.0,6.0,6.0,6.0,6.0,6.0
dlrggl,3.0,3.0,3.0,4.0,7.0,7.0,2.0,1.0,1.0,7.0,1.0,6.0,4.0,3.0,6.0
dmjmoi,2.0,3.0,3.0,3.0,2.0,6.0,5.0,5.0,6.0,3.0,6.0,3.0,6.0,5.0,5.0
dmtidu,2.0,7.0,1.0,2.0,2.0,6.0,2.0,5.0,1.0,2.0,1.0,1.0,7.0,4.0,7.0
doaryd,3.0,3.0,2.0,4.0,3.0,3.0,3.0,1.0,3.0,4.0,6.0,3.0,4.0,4.0,2.0
dodaau,1.0,6.0,1.0,2.0,1.0,7.0,3.0,4.0,2.0,1.0,1.0,5.0,5.0,3.0,2.0
dpwkci,1.0,3.0,1.0,1.0,2.0,6.0,2.0,2.0,2.0,1.0,1.0,3.0,5.0,2.0,3.0
dsjgzg,2.0,5.0,1.0,6.0,5.0,3.0,2.0,3.0,1.0,1.0,7.0,7.0,6.0,2.0,5.0
dtinxe,6.0,6.0,6.0,6.0,7.0,6.0,6.0,5.0,6.0,6.0,7.0,6.0,6.0,3.0,5.0
dtylnm,6.0,6.0,1.0,5.0,7.0,2.0,5.0,7.0,3.0,5.0,5.0,7.0,7.0,6.0,7.0
dveehp,6.0,4.0,2.0,3.0,6.0,6.0,6.0,5.0,7.0,5.0,4.0,4.0,5.0,3.0,5.0
dwuklr,3.0,4.0,3.0,4.0,4.0,4.0,4.0,4.0,4.0,4.0,3.0,6.0,4.0,5.0,3.0
dxhzrs,5.0,7.0,5.0,6.0,6.0,2.0,7.0,5.0,5.0,7.0,6.0,6.0,6.0,1.0,6.0
dxsukr,2.0,7.0,2.0,6.0,2.0,5.0,6.0,7.0,1.0,7.0,6.0,6.0,6.0,6.0,5.0
dyojwc,2.0,7.0,1.0,2.0,4.0,4.0,4.0,5.0,2.0,7.0,6.0,7.0,7.0,2.0,5.0
eaxdhh,2.0,7.0,1.0,4.0,3.0,4.0,2.0,2.0,4.0,1.0,3.0,4.0,4.0,2.0,4.0
ebhjia,1.0,4.0,1.0,4.0,2.0,3.0,6.0,2.0,1.0,4.0,6.0,6.0,7.0,2.0,6.0
ecwbap,7.0,7.0,5.0,7.0,5.0,5.0,7.0,5.0,5.0,7.0,6.0,7.0,7.0,6.0,7.0
edrcou,2.0,4.0,2.0,4.0,1.0,2.0,2.0,2.0,1.0,1.0,4.0,4.0,4.0,4.0,4.0
eehvtk,2.0,7.0,1.0,5.0,3.0,7.0,3.0,3.0,3.0,2.0,1.0,6.0,5.0,3.0,6.0
eekvta,5.0,5.0,3.0,5.0,3.0,5.0,3.0,5.0,3.0,3.0,3.0,5.0,3.0,5.0,5.0
efqcxo,1.0,1.0,1.0,2.0,6.0,7.0,2.0,2.0,1.0,1.0,5.0,2.0,6.0,1.0,2.0
eifnun,6.0,6.0,3.0,6.0,3.0,6.0,6.0,5.0,6.0,5.0,3.0,5.0,5.0,3.0,4.0
ejzjvr,1.0,3.0,1.0,3.0,1.0,7.0,1.0,5.0,2.0,1.0,1.0,1.0,5.0,2.0,4.0
ellpfh,2.0,7.0,2.0,6.0,3.0,6.0,6.0,5.0,4.0,5.0,2.0,5.0,6.0,4.0,5.0
eokqdi,1.0,4.0,1.0,5.0,5.0,5.0,2.0,2.0,1.0,1.0,1.0,6.0,7.0,2.0,4.0
epemwo,1.0,3.0,1.0,5.0,1.0,6.0,7.0,7.0,4.0,7.0,1.0,5.0,4.0,4.0,4.0
eppdnt,1.0,2.0,1.0,2.0,5.0,7.0,7.0,3.0,7.0,2.0,1.0,2.0,7.0,2.0,4.0
essxlx,1.0,1.0,1.0,2.0,1.0,1.0,4.0,1.0,3.0,4.0,3.0,5.0,4.0,3.0,4.0
ewwdkx,1.0,1.0,1.0,5.0,1.0,5.0,7.0,7.0,1.0,1.0,1.0,7.0,7.0,1.0,7.0
exgfst,1.0,7.0,1.0,4.0,5.0,7.0,4.0,3.0,1.0,7.0,3.0,3.0,4.0,4.0,6.0
fawsmh,4.0,2.0,4.0,7.0,4.0,2.0,6.0,3.0,1.0,7.0,7.0,3.0,7.0,1.0,2.0
fctwcz,6.0,6.0,5.0,6.0,5.0,6.0,5.0,3.0,5.0,3.0,6.0,5.0,3.0,5.0,5.0
fdwppt,5.0,6.0,6.0,5.0,6.0,3.0,6.0,3.0,2.0,6.0,3.0,6.0,3.0,6.0,6.0
fdwrba,6.0,3.0,5.0,6.0,5.0,5.0,3.0,6.0,5.0,5.0,6.0,6.0,3.0,6.0,6.0
fejaps,4.0,2.0,2.0,6.0,4.0,4.0,5.0,3.0,2.0,7.0,1.0,4.0,6.0,4.0,3.0
ffjesf,2.0,6.0,1.0,5.0,3.0,5.0,4.0,5.0,3.0,1.0,1.0,3.0,4.0,3.0,4.0
fggcxz,1.0,5.0,1.0,4.0,3.0,5.0,2.0,2.0,3.0,6.0,1.0,5.0,5.0,3.0,5.0
fibcnv,2.0,5.0,1.0,5.0,5.0,5.0,3.0,5.0,5.0,2.0,5.0,5.0,7.0,1.0,3.0
fjambo,1.0,5.0,1.0,5.0,2.0,3.0,7.0,4.0,1.0,1.0,6.0,7.0,7.0,6.0,7.0
fjbvgc,1.0,5.0,1.0,5.0,6.0,5.0,4.0,2.0,2.0,7.0,1.0,3.0,5.0,3.0,3.0
fjqfdp,6.0,5.0,5.0,6.0,7.0,6.0,5.0,6.0,7.0,7.0,2.0,6.0,6.0,3.0,6.0
fjufyn,2.0,4.0,1.0,6.0,2.0,6.0,4.0,5.0,2.0,3.0,1.0,5.0,6.0,2.0,7.0
flapjg,7.0,7.0,7.0,7.0,7.0,7.0,7.0,7.0,7.0,7.0,7.0,7.0,7.0,7.0,7.0
flglki,6.0,2.0,3.0,5.0,5.0,7.0,5.0,6.0,3.0,3.0,3.0,2.0,5.0,7.0,6.0
fpzstz,3.0,6.0,2.0,5.0,3.0,5.0,5.0,2.0,6.0,4.0,3.0,6.0,5.0,7.0,5.0
frwzje,6.0,5.0,5.0,6.0,5.0,3.0,5.0,5.0,3.0,6.0,6.0,5.0,3.0,5.0,5.0
fslsyy,5.0,5.0,6.0,4.0,5.0,6.0,5.0,6.0,5.0,6.0,6.0,5.0,5.0,5.0,5.0
fulzff,3.0,6.0,3.0,3.0,1.0,7.0,6.0,6.0,5.0,1.0,6.0,6.0,6.0,7.0,7.0
fxxrqq,1.0,6.0,1.0,5.0,3.0,5.0,5.0,3.0,2.0,6.0,1.0,5.0,5.0,6.0,6.0
fyukrj,2.0,5.0,1.0,7.0,6.0,6.0,4.0,2.0,2.0,1.0,7.0,7.0,7.0,5.0,6.0
fzvqkg,1.0,1.0,1.0,6.0,1.0,5.0,2.0,5.0,1.0,7.0,5.0,7.0,7.0,1.0,6.0
gcibtt,1.0,7.0,2.0,5.0,3.0,5.0,2.0,6.0,2.0,1.0,1.0,1.0,5.0,1.0,6.0
gckgau,1.0,3.0,1.0,3.0,1.0,1.0,5.0,7.0,1.0,7.0,2.0,5.0,3.0,3.0,7.0
gegbqe,5.0,5.0,6.0,3.0,6.0,5.0,6.0,5.0,5.0,3.0,5.0,5.0,6.0,5.0,6.0
gflmfv,4.0,6.0,4.0,3.0,2.0,6.0,5.0,5.0,5.0,7.0,6.0,7.0,7.0,6.0,7.0
giqzdt,1.0,5.0,1.0,1.0,1.0,6.0,5.0,5.0,1.0,1.0,1.0,4.0,4.0,4.0,5.0
gjcqxs,3.0,7.0,2.0,3.0,3.0,3.0,5.0,4.0,4.0,2.0,2.0,3.0,4.0,5.0,4.0
glolxh,1.0,4.0,1.0,5.0,4.0,4.0,5.0,7.0,4.0,5.0,4.0,7.0,4.0,4.0,7.0
gnmpev,2.0,6.0,1.0,6.0,5.0,6.0,3.0,2.0,1.0,4.0,5.0,5.0,6.0,4.0,6.0
gqlonv,6.0,5.0,2.0,5.0,6.0,5.0,5.0,5.0,6.0,7.0,6.0,3.0,6.0,5.0,5.0
gqusld,2.0,6.0,1.0,3.0,5.0,7.0,4.0,6.0,3.0,1.0,2.0,7.0,5.0,5.0,7.0
gquwbk,1.0,7.0,1.0,7.0,2.0,6.0,7.0,7.0,5.0,7.0,2.0,7.0,7.0,5.0,6.0
gtndmy,5.0,5.0,5.0,6.0,4.0,5.0,5.0,4.0,4.0,5.0,6.0,6.0,6.0,4.0,4.0
gtnhln,5.0,5.0,2.0,1.0,6.0,6.0,2.0,6.0,2.0,3.0,5.0,6.0,3.0,2.0,5.0
gulupd,5.0,5.0,5.0,7.0,7.0,5.0,7.0,5.0,3.0,5.0,3.0,5.0,5.0,5.0,5.0
guvxpc,3.0,5.0,3.0,3.0,5.0,2.0,5.0,3.0,2.0,7.0,7.0,5.0,7.0,3.0,2.0
guwznl,6.0,5.0,6.0,6.0,5.0,5.0,7.0,6.0,6.0,5.0,6.0,6.0,5.0,6.0,6.0
gvajcf,2.0,4.0,3.0,5.0,4.0,4.0,5.0,3.0,2.0,3.0,4.0,5.0,6.0,3.0,5.0
gxyjid,5.0,7.0,5.0,6.0,3.0,6.0,5.0,7.0,6.0,5.0,6.0,5.0,7.0,5.0,3.0
gzyjre,1.0,1.0,1.0,1.0,1.0,1.0,1.0,3.0,1.0,1.0,3.0,3.0,3.0,3.0,3.0
hadzmn,1.0,1.0,1.0,1.0,2.0,2.0,4.0,2.0,1.0,7.0,3.0,4.0,2.0,3.0,1.0
haudtb,2.0,7.0,3.0,6.0,4.0,6.0,4.0,5.0,4.0,2.0,3.0,1.0,5.0,2.0,3.0
hbsgzy,1.0,4.0,1.0,7.0,4.0,4.0,4.0,2.0,7.0,4.0,1.0,5.0,7.0,4.0,4.0
hddnwm,1.0,7.0,2.0,7.0,3.0,7.0,6.0,2.0,5.0,2.0,1.0,6.0,7.0,4.0,7.0
hdhvbm,1.0,5.0,1.0,6.0,2.0,2.0,6.0,1.0,5.0,1.0,1.0,2.0,6.0,1.0,1.0
hezsxd,5.0,5.0,3.0,6.0,6.0,5.0,5.0,3.0,3.0,5.0,1.0,6.0,5.0,2.0,7.0
hfwkvd,1.0,5.0,1.0,5.0,2.0,5.0,2.0,7.0,7.0,1.0,1.0,7.0,7.0,5.0,7.0
hihory,2.0,6.0,1.0,4.0,4.0,4.0,3.0,5.0,2.0,1.0,2.0,7.0,5.0,4.0,6.0
hjpfnb,1.0,5.0,1.0,2.0,4.0,4.0,5.0,3.0,1.0,3.0,1.0,5.0,5.0,3.0,5.0
hkyksz,5.0,6.0,6.0,7.0,6.0,6.0,6.0,6.0,6.0,6.0,5.0,6.0,7.0,7.0,7.0
hlwcwz,1.0,7.0,1.0,2.0,3.0,6.0,3.0,4.0,2.0,3.0,1.0,7.0,6.0,6.0,7.0
hmwwlw,1.0,7.0,1.0,4.0,7.0,7.0,7.0,6.0,2.0,7.0,2.0,2.0,7.0,1.0,4.0
hroabx,2.0,6.0,1.0,4.0,2.0,3.0,4.0,7.0,4.0,2.0,3.0,6.0,5.0,2.0,5.0
hscrcc,1.0,5.0,1.0,2.0,7.0,7.0,6.0,6.0,1.0,2.0,3.0,1.0,1.0,2.0,6.0
hseiel,1.0,5.0,1.0,5.0,6.0,5.0,3.0,1.0,1.0,7.0,5.0,4.0,5.0,2.0,4.0
hszcix,5.0,5.0,5.0,6.0,5.0,5.0,6.0,5.0,6.0,6.0,5.0,6.0,5.0,5.0,6.0
htdgvb,3.0,5.0,6.0,6.0,6.0,5.0,6.0,7.0,5.0,5.0,6.0,6.0,6.0,6.0,5.0
htnftg,3.0,5.0,2.0,5.0,6.0,5.0,6.0,6.0,6.0,2.0,6.0,5.0,5.0,2.0,7.0
htxncz,3.0,7.0,2.0,2.0,1.0,5.0,7.0,7.0,5.0,1.0,1.0,6.0,6.0,5.0,7.0
hvckmw,7.0,7.0,7.0,6.0,2.0,7.0,7.0,7.0,1.0,7.0,6.0,6.0,5.0,7.0,7.0
hybrju,3.0,6.0,1.0,5.0,4.0,4.0,7.0,5.0,3.0,7.0,6.0,1.0,2.0,2.0,3.0
iamyvk,6.0,7.0,6.0,5.0,5.0,3.0,6.0,3.0,1.0,1.0,6.0,6.0,7.0,2.0,3.0
iaoads,3.0,5.0,5.0,6.0,3.0,6.0,6.0,7.0,5.0,6.0,2.0,6.0,5.0,6.0,6.0
ibedrh,5.0,5.0,5.0,5.0,4.0,5.0,4.0,5.0,5.0,6.0,5.0,6.0,5.0,5.0,5.0
ibyyer,2.0,3.0,1.0,5.0,2.0,6.0,1.0,2.0,3.0,2.0,4.0,4.0,4.0,2.0,4.0
icfhdu,1.0,5.0,1.0,6.0,2.0,6.0,5.0,7.0,5.0,7.0,5.0,7.0,7.0,7.0,7.0
icogvc,3.0,5.0,1.0,7.0,2.0,2.0,5.0,2.0,2.0,6.0,7.0,7.0,7.0,6.0,6.0
icovxq,3.0,5.0,3.0,6.0,2.0,6.0,6.0,7.0,4.0,1.0,1.0,4.0,6.0,1.0,5.0
ictkon,1.0,5.0,3.0,3.0,4.0,6.0,2.0,4.0,2.0,6.0,2.0,5.0,5.0,3.0,4.0
idpwtf,2.0,5.0,1.0,7.0,4.0,7.0,4.0,4.0,1.0,7.0,1.0,5.0,7.0,5.0,6.0
ielgkm,4.0,7.0,3.0,3.0,5.0,7.0,7.0,7.0,5.0,3.0,3.0,7.0,3.0,7.0,7.0
ihkkfw,2.0,4.0,2.0,3.0,5.0,2.0,4.0,5.0,2.0,4.0,5.0,5.0,6.0,2.0,6.0
iiipaj,2.0,6.0,2.0,2.0,6.0,6.0,3.0,3.0,3.0,6.0,7.0,7.0,7.0,5.0,6.0
ijutpw,1.0,6.0,1.0,2.0,2.0,2.0,3.0,7.0,1.0,2.0,3.0,5.0,5.0,2.0,6.0
ijwpwl,2.0,5.0,2.0,6.0,3.0,5.0,5.0,3.0,3.0,2.0,3.0,5.0,5.0,3.0,5.0
immutp,3.0,3.0,2.0,4.0,4.0,5.0,3.0,2.0,2.0,2.0,4.0,4.0,5.0,3.0,4.0
inrble,1.0,7.0,1.0,1.0,1.0,1.0,7.0,2.0,1.0,1.0,1.0,3.0,2.0,3.0,2.0
isfbio,1.0,7.0,1.0,2.0,1.0,7.0,7.0,2.0,2.0,7.0,6.0,7.0,5.0,5.0,7.0
iuekld,3.0,7.0,5.0,3.0,7.0,2.0,7.0,7.0,6.0,7.0,7.0,7.0,6.0,7.0,7.0
iulcbx,5.0,6.0,3.0,6.0,3.0,2.0,6.0,5.0,3.0,5.0,6.0,5.0,7.0,2.0,6.0
iyeyly,2.0,3.0,2.0,3.0,2.0,3.0,5.0,4.0,2.0,2.0,2.0,3.0,4.0,4.0,4.0
izkrfg,5.0,6.0,5.0,5.0,4.0,5.0,5.0,5.0,5.0,5.0,5.0,5.0,3.0,5.0,5.0
izuebg,1.0,5.0,1.0,1.0,4.0,4.0,1.0,3.0,4.0,3.0,2.0,4.0,6.0,6.0,4.0
jampao,7.0,7.0,6.0,7.0,7.0,7.0,7.0,7.0,7.0,6.0,7.0,6.0,7.0,5.0,6.0
jbrach,3.0,4.0,4.0,6.0,1.0,1.0,2.0,4.0,4.0,4.0,4.0,4.0,4.0,4.0,4.0
jbwutr,1.0,5.0,1.0,1.0,1.0,2.0,2.0,2.0,1.0,1.0,2.0,2.0,2.0,3.0,4.0
jcmrbl,3.0,4.0,3.0,6.0,7.0,5.0,4.0,4.0,4.0,7.0,7.0,7.0,7.0,2.0,4.0
jczprf,3.0,3.0,3.0,5.0,5.0,3.0,5.0,3.0,2.0,5.0,6.0,5.0,6.0,3.0,4.0
jekjkr,2.0,4.0,2.0,4.0,3.0,5.0,2.0,3.0,4.0,2.0,5.0,5.0,5.0,6.0,5.0
jfafyh,2.0,6.0,2.0,3.0,2.0,5.0,5.0,3.0,3.0,2.0,2.0,5.0,6.0,3.0,5.0
jfmevw,6.0,5.0,5.0,6.0,2.0,3.0,6.0,6.0,3.0,7.0,6.0,7.0,7.0,3.0,5.0
jfxtji,1.0,3.0,1.0,5.0,6.0,6.0,5.0,3.0,3.0,5.0,7.0,5.0,7.0,1.0,3.0
jgsosb,1.0,4.0,1.0,5.0,3.0,3.0,5.0,1.0,1.0,1.0,6.0,5.0,6.0,1.0,1.0
jiemlh,4.0,4.0,4.0,4.0,4.0,4.0,4.0,4.0,4.0,4.0,4.0,4.0,4.0,4.0,4.0
jitnvt,5.0,5.0,6.0,5.0,6.0,5.0,6.0,5.0,6.0,5.0,5.0,6.0,5.0,6.0,5.0
jitwvn,3.0,4.0,3.0,4.0,3.0,6.0,2.0,5.0,1.0,4.0,5.0,5.0,5.0,5.0,5.0
jizkac,5.0,4.0,1.0,1.0,3.0,4.0,3.0,6.0,5.0,3.0,2.0,3.0,4.0,5.0,5.0
jkctcb,1.0,4.0,1.0,2.0,2.0,2.0,1.0,1.0,1.0,2.0,1.0,1.0,2.0,1.0,1.0
jkwzui,5.0,6.0,5.0,6.0,5.0,6.0,6.0,5.0,6.0,6.0,6.0,5.0,6.0,5.0,6.0
jlraew,2.0,7.0,1.0,6.0,5.0,3.0,7.0,1.0,2.0,5.0,5.0,2.0,3.0,3.0,2.0
jlvvos,3.0,5.0,2.0,1.0,7.0,6.0,6.0,3.0,3.0,7.0,7.0,3.0,5.0,2.0,6.0
jmovmv,2.0,7.0,1.0,3.0,2.0,2.0,4.0,4.0,3.0,5.0,2.0,4.0,3.0,3.0,5.0
johmjz,5.0,6.0,5.0,6.0,5.0,3.0,5.0,6.0,6.0,6.0,5.0,3.0,6.0,5.0,5.0
joqxhd,1.0,4.0,1.0,1.0,7.0,1.0,4.0,7.0,1.0,4.0,7.0,1.0,4.0,1.0,4.0
jqtmgr,1.0,1.0,1.0,8.0,7.0,8.0,6.0,1.0,1.0,1.0,0.0,7.0,7.0,7.0,2.0
jtfgjz,1.0,1.0,1.0,1.0,1.0,7.0,5.0,4.0,1.0,1.0,1.0,7.0,7.0,1.0,7.0
jtvovl,2.0,7.0,3.0,5.0,2.0,6.0,5.0,6.0,3.0,5.0,1.0,3.0,6.0,3.0,5.0
jvkuwt,2.0,4.0,1.0,3.0,1.0,7.0,6.0,2.0,2.0,4.0,2.0,6.0,5.0,3.0,7.0
jwttkf,5.0,5.0,7.0,5.0,3.0,2.0,6.0,3.0,3.0,5.0,1.0,7.0,7.0,5.0,3.0
jxrmgs,5.0,6.0,1.0,6.0,2.0,3.0,2.0,5.0,3.0,5.0,2.0,6.0,5.0,3.0,5.0
jylmcz,3.0,3.0,2.0,5.0,2.0,3.0,2.0,6.0,2.0,5.0,2.0,3.0,3.0,2.0,6.0
kcoapk,7.0,7.0,7.0,6.0,1.0,7.0,7.0,7.0,7.0,7.0,7.0,7.0,7.0,7.0,7.0
kelsop,1.0,2.0,1.0,4.0,1.0,5.0,7.0,5.0,1.0,7.0,1.0,7.0,5.0,3.0,4.0
keuebd,5.0,3.0,2.0,3.0,5.0,7.0,6.0,5.0,4.0,5.0,1.0,7.0,4.0,4.0,3.0
kfgfyf,2.0,2.0,1.0,3.0,5.0,5.0,3.0,3.0,2.0,6.0,2.0,4.0,5.0,1.0,1.0
kfmihd,5.0,7.0,5.0,6.0,2.0,6.0,5.0,4.0,5.0,6.0,3.0,5.0,6.0,6.0,5.0
kfyuvh,1.0,6.0,7.0,5.0,5.0,5.0,3.0,2.0,1.0,7.0,2.0,5.0,6.0,4.0,5.0
kgpjen,2.0,1.0,3.0,6.0,2.0,2.0,5.0,6.0,4.0,7.0,2.0,2.0,5.0,3.0,5.0
khpwwg,1.0,5.0,1.0,6.0,2.0,7.0,3.0,4.0,2.0,1.0,4.0,5.0,6.0,4.0,7.0
kinsis,2.0,5.0,2.0,3.0,3.0,3.0,5.0,5.0,1.0,6.0,2.0,3.0,5.0,5.0,5.0
kkaant,6.0,6.0,5.0,5.0,5.0,6.0,5.0,6.0,6.0,6.0,5.0,5.0,6.0,6.0,6.0
kkaiak,6.0,7.0,6.0,5.0,4.0,5.0,7.0,6.0,2.0,6.0,7.0,7.0,6.0,6.0,7.0
kkdwll,3.0,6.0,1.0,4.0,4.0,5.0,3.0,2.0,3.0,7.0,4.0,3.0,4.0,2.0,3.0
klhcpt,2.0,2.0,2.0,3.0,4.0,5.0,3.0,6.0,2.0,2.0,2.0,4.0,5.0,4.0,5.0
kolnzj,2.0,3.0,1.0,2.0,5.0,5.0,2.0,2.0,1.0,3.0,3.0,7.0,4.0,3.0,3.0
kqubod,4.0,4.0,4.0,6.0,6.0,2.0,2.0,4.0,3.0,6.0,5.0,4.0,5.0,2.0,3.0
kquedi,1.0,2.0,1.0,5.0,5.0,5.0,5.0,1.0,1.0,7.0,7.0,3.0,6.0,2.0,3.0
kriixj,2.0,6.0,2.0,3.0,2.0,7.0,7.0,7.0,3.0,5.0,2.0,7.0,5.0,3.0,7.0
ksattc,2.0,5.0,5.0,3.0,6.0,3.0,2.0,2.0,1.0,4.0,5.0,3.0,6.0,2.0,3.0
ksprgd,5.0,2.0,5.0,7.0,1.0,7.0,7.0,7.0,5.0,5.0,6.0,6.0,7.0,5.0,7.0
kuuvst,1.0,3.0,1.0,2.0,1.0,1.0,5.0,2.0,3.0,2.0,4.0,3.0,4.0,1.0,3.0
kviroj,1.0,3.0,1.0,2.0,1.0,1.0,3.0,1.0,1.0,1.0,1.0,5.0,4.0,1.0,1.0
kyejec,1.0,6.0,1.0,4.0,5.0,7.0,3.0,2.0,3.0,4.0,2.0,6.0,7.0,3.0,7.0
kyilba,1.0,5.0,1.0,1.0,1.0,1.0,2.0,1.0,1.0,5.0,1.0,3.0,4.0,3.0,3.0
kyplas,1.0,7.0,1.0,6.0,3.0,4.0,3.0,5.0,2.0,2.0,6.0,7.0,7.0,7.0,7.0
kywzbb,6.0,7.0,2.0,6.0,7.0,6.0,5.0,2.0,2.0,7.0,7.0,7.0,7.0,7.0,5.0
kzbfrf,2.0,6.0,1.0,5.0,3.0,4.0,4.0,4.0,5.0,7.0,1.0,5.0,5.0,2.0,7.0
lahnku,3.0,5.0,1.0,3.0,5.0,5.0,5.0,6.0,3.0,6.0,2.0,4.0,5.0,2.0,6.0
lblktv,1.0,7.0,1.0,4.0,5.0,5.0,6.0,3.0,1.0,2.0,7.0,7.0,7.0,3.0,6.0
lbrazs,7.0,5.0,6.0,7.0,6.0,6.0,6.0,5.0,6.0,6.0,5.0,6.0,5.0,6.0,6.0
ldfzns,1.0,5.0,1.0,2.0,2.0,2.0,3.0,2.0,2.0,6.0,1.0,5.0,5.0,3.0,2.0
lefhjr,1.0,3.0,1.0,2.0,2.0,7.0,4.0,3.0,1.0,1.0,2.0,6.0,6.0,5.0,7.0
likfcf,1.0,5.0,1.0,5.0,3.0,3.0,6.0,5.0,3.0,3.0,5.0,2.0,5.0,3.0,5.0
linucm,5.0,3.0,3.0,6.0,3.0,4.0,5.0,5.0,2.0,7.0,5.0,5.0,5.0,3.0,5.0
ljlkwb,3.0,2.0,2.0,3.0,5.0,3.0,3.0,3.0,5.0,5.0,6.0,3.0,3.0,1.0,5.0
lkazjv,1.0,5.0,1.0,1.0,7.0,7.0,4.0,5.0,4.0,5.0,7.0,1.0,7.0,5.0,7.0
llthtw,3.0,6.0,2.0,3.0,6.0,5.0,2.0,4.0,2.0,1.0,2.0,5.0,3.0,5.0,6.0
lnqjif,2.0,6.0,1.0,3.0,4.0,6.0,7.0,3.0,2.0,1.0,6.0,6.0,4.0,3.0,4.0
lnvtrm,1.0,6.0,1.0,6.0,1.0,7.0,4.0,4.0,1.0,1.0,2.0,7.0,6.0,2.0,6.0
loffhd,5.0,3.0,5.0,5.0,3.0,3.0,3.0,5.0,5.0,3.0,3.0,5.0,5.0,5.0,5.0
lonxri,6.0,6.0,5.0,7.0,6.0,6.0,6.0,2.0,2.0,7.0,6.0,6.0,6.0,6.0,6.0
lugamy,6.0,6.0,5.0,6.0,5.0,6.0,5.0,6.0,5.0,5.0,6.0,5.0,5.0,6.0,5.0
luoxjz,2.0,4.0,4.0,4.0,4.0,4.0,4.0,4.0,4.0,4.0,4.0,4.0,4.0,4.0,4.0
lxuydf,7.0,6.0,5.0,6.0,6.0,6.0,6.0,6.0,6.0,6.0,6.0,6.0,6.0,6.0,5.0
lypsdr,6.0,7.0,7.0,6.0,7.0,3.0,6.0,6.0,6.0,6.0,7.0,7.0,5.0,3.0,6.0
lyugoo,3.0,5.0,2.0,6.0,7.0,6.0,5.0,6.0,2.0,5.0,5.0,6.0,6.0,1.0,5.0
maffaz,2.0,2.0,1.0,2.0,3.0,6.0,6.0,5.0,4.0,2.0,2.0,3.0,5.0,3.0,5.0
makjkx,7.0,1.0,1.0,1.0,1.0,1.0,1.0,1.0,1.0,7.0,7.0,7.0,7.0,1.0,1.0
maseso,3.0,7.0,3.0,3.0,7.0,7.0,4.0,3.0,1.0,7.0,3.0,7.0,6.0,5.0,5.0
mcvpja,2.0,1.0,1.0,6.0,5.0,1.0,2.0,5.0,1.0,3.0,3.0,3.0,5.0,3.0,5.0
mdrxzl,5.0,4.0,4.0,4.0,4.0,4.0,4.0,4.0,4.0,4.0,7.0,6.0,5.0,4.0,4.0
mdxllw,3.0,5.0,3.0,5.0,5.0,3.0,5.0,5.0,3.0,6.0,2.0,5.0,5.0,3.0,3.0
mewgwy,2.0,5.0,2.0,5.0,5.0,6.0,3.0,4.0,2.0,1.0,5.0,4.0,6.0,4.0,7.0
mfyzma,3.0,3.0,2.0,6.0,3.0,6.0,3.0,6.0,3.0,3.0,3.0,7.0,6.0,3.0,7.0
mgyuer,3.0,7.0,2.0,5.0,5.0,7.0,4.0,4.0,7.0,7.0,1.0,5.0,4.0,3.0,4.0
mhydqe,6.0,6.0,6.0,6.0,6.0,5.0,7.0,4.0,6.0,7.0,6.0,6.0,6.0,3.0,6.0
mibmyy,2.0,4.0,1.0,3.0,2.0,5.0,6.0,4.0,3.0,7.0,2.0,7.0,5.0,5.0,7.0
miqzkw,1.0,6.0,1.0,6.0,1.0,5.0,6.0,1.0,5.0,1.0,1.0,6.0,6.0,2.0,5.0
mkaznv,6.0,4.0,5.0,6.0,5.0,7.0,5.0,6.0,3.0,5.0,6.0,5.0,6.0,7.0,6.0
mmnajf,5.0,5.0,7.0,5.0,5.0,4.0,6.0,4.0,5.0,4.0,5.0,7.0,4.0,5.0,5.0
mntfas,1.0,2.0,1.0,6.0,7.0,7.0,3.0,2.0,1.0,7.0,7.0,5.0,5.0,2.0,7.0
mobeqv,2.0,5.0,2.0,4.0,4.0,4.0,4.0,3.0,2.0,5.0,1.0,7.0,6.0,3.0,7.0
moufxk,1.0,5.0,1.0,4.0,4.0,4.0,4.0,5.0,4.0,1.0,2.0,4.0,4.0,4.0,4.0
msrsyj,2.0,7.0,1.0,5.0,6.0,3.0,2.0,5.0,3.0,2.0,3.0,2.0,5.0,2.0,6.0
mswxqu,1.0,7.0,1.0,3.0,1.0,1.0,7.0,1.0,1.0,7.0,5.0,6.0,6.0,3.0,4.0
msyahr,2.0,6.0,1.0,7.0,6.0,3.0,5.0,7.0,2.0,2.0,7.0,7.0,7.0,5.0,7.0
mwjhrs,1.0,1.0,1.0,3.0,1.0,1.0,2.0,1.0,4.0,2.0,1.0,6.0,4.0,4.0,4.0
mwwquu,2.0,5.0,2.0,3.0,3.0,3.0,5.0,7.0,2.0,6.0,3.0,5.0,6.0,5.0,7.0
mxoclm,1.0,4.0,1.0,1.0,4.0,4.0,5.0,5.0,4.0,5.0,2.0,4.0,5.0,4.0,4.0
mxpeni,1.0,5.0,2.0,5.0,1.0,6.0,6.0,4.0,2.0,6.0,2.0,3.0,6.0,4.0,6.0
mycpgb,1.0,3.0,1.0,4.0,3.0,6.0,2.0,3.0,1.0,6.0,1.0,1.0,4.0,2.0,2.0
mynwqp,1.0,5.0,1.0,1.0,1.0,1.0,5.0,1.0,1.0,5.0,3.0,3.0,4.0,3.0,3.0
nbqago,1.0,4.0,1.0,2.0,3.0,2.0,1.0,2.0,1.0,3.0,3.0,1.0,4.0,4.0,4.0
ndwzox,1.0,1.0,1.0,2.0,3.0,3.0,7.0,7.0,1.0,3.0,1.0,1.0,3.0,3.0,7.0
nepdeg,1.0,6.0,1.0,6.0,7.0,1.0,3.0,4.0,1.0,7.0,2.0,5.0,5.0,2.0,3.0
nfcatx,3.0,4.0,2.0,2.0,2.0,2.0,1.0,2.0,1.0,7.0,7.0,7.0,7.0,7.0,7.0
ngclzt,2.0,2.0,2.0,2.0,4.0,1.0,2.0,3.0,1.0,7.0,4.0,1.0,4.0,2.0,2.0
ngcszp,3.0,3.0,4.0,5.0,3.0,5.0,4.0,5.0,3.0,3.0,2.0,5.0,5.0,6.0,2.0
nhgwna,2.0,5.0,2.0,5.0,2.0,6.0,8.0,4.0,4.0,3.0,6.0,8.0,8.0,2.0,8.0
niyioz,2.0,5.0,2.0,7.0,5.0,6.0,6.0,7.0,6.0,2.0,2.0,1.0,6.0,5.0,7.0
nkhnga,1.0,4.0,1.0,2.0,2.0,7.0,6.0,4.0,4.0,7.0,1.0,5.0,4.0,6.0,4.0
nmrdzl,2.0,5.0,3.0,2.0,3.0,5.0,5.0,5.0,3.0,5.0,1.0,7.0,6.0,2.0,6.0
nnjyvf,1.0,5.0,1.0,3.0,7.0,7.0,5.0,6.0,1.0,2.0,2.0,3.0,5.0,4.0,6.0
noabzv,2.0,6.0,1.0,2.0,5.0,5.0,4.0,6.0,2.0,2.0,3.0,4.0,5.0,4.0,5.0
npeuya,1.0,5.0,1.0,2.0,7.0,4.0,2.0,2.0,2.0,5.0,3.0,6.0,5.0,4.0,7.0
npqwtf,2.0,4.0,1.0,4.0,2.0,5.0,2.0,4.0,2.0,2.0,3.0,4.0,5.0,4.0,6.0
nprlrq,6.0,6.0,5.0,5.0,5.0,5.0,5.0,6.0,5.0,6.0,3.0,6.0,6.0,5.0,5.0
ntirsa,5.0,6.0,5.0,6.0,5.0,3.0,5.0,6.0,6.0,6.0,5.0,6.0,5.0,5.0,6.0
nvadex,2.0,2.0,1.0,3.0,4.0,4.0,3.0,2.0,1.0,1.0,3.0,5.0,5.0,5.0,5.0
nxffsu,1.0,4.0,1.0,2.0,1.0,1.0,3.0,4.0,1.0,2.0,1.0,5.0,4.0,3.0,5.0
nyydpn,5.0,5.0,6.0,3.0,5.0,5.0,3.0,5.0,6.0,2.0,6.0,5.0,3.0,5.0,5.0
obqagw,5.0,5.0,3.0,5.0,3.0,5.0,2.0,6.0,2.0,6.0,3.0,6.0,6.0,5.0,5.0
obzklw,5.0,1.0,2.0,5.0,1.0,1.0,5.0,1.0,1.0,1.0,6.0,6.0,5.0,3.0,3.0
ocnfbh,2.0,5.0,3.0,7.0,2.0,6.0,5.0,5.0,3.0,7.0,5.0,7.0,7.0,6.0,7.0
ocsmcv,2.0,2.0,2.0,5.0,5.0,6.0,3.0,2.0,1.0,7.0,6.0,5.0,6.0,4.0,5.0
odxdmz,1.0,7.0,1.0,5.0,1.0,5.0,4.0,7.0,1.0,1.0,5.0,4.0,6.0,4.0,7.0
oeenuw,2.0,3.0,2.0,6.0,4.0,4.0,3.0,3.0,2.0,2.0,2.0,4.0,5.0,3.0,6.0
oeodxg,5.0,3.0,3.0,3.0,3.0,2.0,3.0,3.0,3.0,5.0,3.0,3.0,3.0,6.0,3.0
oepruf,2.0,3.0,3.0,2.0,3.0,2.0,2.0,5.0,2.0,2.0,2.0,6.0,2.0,2.0,5.0
ofduuo,2.0,6.0,1.0,7.0,7.0,7.0,3.0,2.0,5.0,5.0,7.0,6.0,7.0,6.0,7.0
ogbinc,2.0,4.0,2.0,7.0,6.0,4.0,4.0,5.0,3.0,5.0,6.0,7.0,7.0,5.0,7.0
ogpkbb,1.0,4.0,1.0,7.0,7.0,3.0,2.0,7.0,1.0,7.0,7.0,4.0,7.0,1.0,1.0
ohjjbc,1.0,7.0,1.0,4.0,4.0,4.0,4.0,4.0,1.0,2.0,4.0,7.0,7.0,3.0,7.0
ohtdsa,1.0,5.0,1.0,7.0,4.0,4.0,6.0,6.0,2.0,5.0,4.0,7.0,7.0,4.0,7.0
oicuqj,2.0,6.0,6.0,4.0,4.0,4.0,2.0,4.0,2.0,2.0,2.0,3.0,2.0,5.0,5.0
okcdcz,1.0,7.0,1.0,4.0,4.0,7.0,5.0,7.0,4.0,1.0,1.0,7.0,6.0,3.0,7.0
omvped,1.0,6.0,1.0,5.0,5.0,6.0,5.0,6.0,2.0,5.0,1.0,5.0,6.0,5.0,7.0
ooobck,4.0,3.0,1.0,4.0,4.0,5.0,4.0,4.0,1.0,1.0,6.0,3.0,5.0,5.0,7.0
oqcpcn,1.0,5.0,1.0,6.0,2.0,6.0,5.0,5.0,3.0,2.0,4.0,6.0,7.0,3.0,6.0
oszidz,2.0,5.0,1.0,5.0,5.0,2.0,4.0,3.0,2.0,2.0,1.0,5.0,5.0,5.0,5.0
otlshe,2.0,2.0,1.0,1.0,1.0,3.0,6.0,3.0,1.0,2.0,6.0,7.0,2.0,7.0,6.0
oucemv,1.0,6.0,1.0,7.0,5.0,5.0,2.0,2.0,1.0,1.0,1.0,1.0,6.0,1.0,1.0
owhwro,1.0,4.0,1.0,3.0,1.0,1.0,2.0,1.0,1.0,1.0,2.0,5.0,5.0,4.0,1.0
owlofw,1.0,7.0,1.0,5.0,5.0,2.0,1.0,1.0,1.0,7.0,1.0,3.0,6.0,5.0,7.0
owxsre,5.0,7.0,3.0,3.0,3.0,5.0,6.0,5.0,5.0,6.0,5.0,6.0,5.0,5.0,3.0
ozzgqo,2.0,7.0,1.0,2.0,3.0,5.0,5.0,5.0,4.0,5.0,1.0,7.0,7.0,4.0,5.0
pakcvu,1.0,4.0,1.0,4.0,1.0,1.0,4.0,2.0,1.0,4.0,2.0,5.0,4.0,4.0,2.0
pbjdft,4.0,6.0,5.0,7.0,7.0,3.0,7.0,7.0,1.0,7.0,3.0,7.0,7.0,3.0,7.0
pcbfxq,2.0,7.0,5.0,4.0,5.0,6.0,6.0,4.0,2.0,2.0,2.0,5.0,6.0,4.0,6.0
pcblkt,1.0,4.0,1.0,3.0,1.0,4.0,5.0,7.0,4.0,5.0,4.0,7.0,5.0,5.0,5.0
pcpzeu,2.0,3.0,2.0,6.0,3.0,3.0,5.0,1.0,2.0,5.0,3.0,5.0,5.0,3.0,6.0
pdgtew,6.0,5.0,7.0,5.0,5.0,5.0,5.0,5.0,5.0,5.0,5.0,5.0,5.0,5.0,6.0
pdihhd,1.0,5.0,2.0,6.0,2.0,3.0,5.0,5.0,2.0,1.0,6.0,5.0,5.0,3.0,4.0
pegiud,7.0,7.0,6.0,7.0,6.0,7.0,6.0,7.0,6.0,7.0,7.0,6.0,7.0,7.0,6.0
pfknyq,5.0,5.0,1.0,7.0,2.0,6.0,5.0,2.0,4.0,7.0,1.0,7.0,7.0,5.0,7.0
pftskn,1.0,7.0,1.0,1.0,1.0,1.0,5.0,6.0,3.0,2.0,2.0,3.0,7.0,1.0,4.0
pgrwgl,6.0,7.0,1.0,7.0,1.0,1.0,7.0,1.0,1.0,1.0,1.0,7.0,7.0,4.0,1.0
plnrbp,5.0,7.0,2.0,7.0,3.0,3.0,7.0,3.0,2.0,3.0,2.0,5.0,1.0,4.0,4.0
plpxvv,1.0,1.0,1.0,2.0,1.0,7.0,1.0,2.0,2.0,1.0,1.0,2.0,4.0,2.0,7.0
prvulq,1.0,5.0,1.0,2.0,3.0,5.0,3.0,5.0,2.0,2.0,7.0,7.0,5.0,2.0,7.0
psemtl,1.0,6.0,1.0,1.0,1.0,5.0,7.0,2.0,1.0,2.0,1.0,5.0,2.0,5.0,3.0
pucoim,2.0,6.0,1.0,2.0,5.0,7.0,6.0,6.0,2.0,1.0,7.0,5.0,3.0,6.0,7.0
pzjeej,1.0,3.0,1.0,2.0,1.0,2.0,1.0,2.0,1.0,1.0,3.0,5.0,5.0,3.0,4.0
qbbvip,1.0,1.0,1.0,1.0,2.0,7.0,2.0,2.0,1.0,1.0,1.0,2.0,5.0,5.0,5.0
qdxyab,2.0,6.0,1.0,2.0,5.0,5.0,5.0,5.0,3.0,2.0,4.0,6.0,5.0,6.0,7.0
qdyaul,4.0,4.0,4.0,4.0,4.0,4.0,4.0,4.0,4.0,4.0,4.0,4.0,4.0,4.0,4.0
qhmimn,7.0,4.0,6.0,6.0,6.0,6.0,3.0,5.0,2.0,3.0,7.0,7.0,7.0,3.0,5.0
qhujuc,1.0,7.0,1.0,1.0,1.0,3.0,5.0,7.0,3.0,1.0,1.0,6.0,2.0,1.0,7.0
qiinwq,5.0,5.0,6.0,5.0,3.0,5.0,6.0,5.0,6.0,3.0,5.0,2.0,5.0,6.0,5.0
qjflyu,5.0,7.0,2.0,3.0,7.0,7.0,5.0,6.0,3.0,1.0,1.0,7.0,7.0,3.0,7.0
qjscpi,2.0,6.0,2.0,1.0,1.0,5.0,5.0,1.0,5.0,2.0,1.0,7.0,6.0,2.0,1.0
qjzlxm,2.0,3.0,1.0,6.0,4.0,5.0,6.0,3.0,1.0,5.0,7.0,3.0,7.0,3.0,4.0
qkvekf,1.0,5.0,1.0,2.0,1.0,7.0,4.0,7.0,1.0,6.0,2.0,4.0,6.0,5.0,7.0
qkzsvn,1.0,4.0,1.0,4.0,1.0,1.0,4.0,4.0,1.0,4.0,6.0,7.0,7.0,4.0,4.0
qmvsrn,2.0,6.0,2.0,6.0,4.0,6.0,3.0,3.0,2.0,2.0,3.0,5.0,5.0,4.0,6.0
qnctim,2.0,4.0,2.0,3.0,6.0,4.0,5.0,4.0,2.0,5.0,6.0,4.0,5.0,4.0,5.0
qpplfr,1.0,3.0,1.0,1.0,1.0,1.0,6.0,2.0,1.0,1.0,3.0,5.0,2.0,1.0,2.0
qrngsd,2.0,5.0,2.0,4.0,5.0,2.0,1.0,7.0,2.0,5.0,7.0,2.0,7.0,1.0,6.0
qryglz,3.0,6.0,6.0,6.0,3.0,5.0,6.0,5.0,6.0,5.0,5.0,3.0,5.0,6.0,3.0
qsdrzl,3.0,6.0,1.0,4.0,5.0,7.0,5.0,6.0,3.0,6.0,7.0,7.0,7.0,5.0,7.0
qtsgfe,5.0,5.0,6.0,6.0,7.0,6.0,5.0,6.0,5.0,7.0,5.0,6.0,7.0,7.0,6.0
qtuhkn,1.0,5.0,1.0,3.0,1.0,5.0,5.0,2.0,1.0,1.0,1.0,5.0,6.0,3.0,3.0
qubrsp,2.0,6.0,2.0,3.0,6.0,6.0,2.0,2.0,3.0,2.0,4.0,5.0,5.0,4.0,6.0
quwdop,2.0,4.0,2.0,2.0,7.0,7.0,7.0,6.0,3.0,3.0,7.0,5.0,4.0,1.0,6.0
qvgwrd,2.0,3.0,2.0,2.0,5.0,3.0,2.0,4.0,2.0,6.0,2.0,3.0,4.0,3.0,4.0
qwagcb,2.0,6.0,1.0,7.0,6.0,6.0,5.0,5.0,2.0,5.0,6.0,6.0,7.0,5.0,6.0
qxnykz,5.0,6.0,5.0,3.0,6.0,3.0,3.0,3.0,3.0,3.0,7.0,6.0,4.0,1.0,2.0
rbjbdd,7.0,7.0,7.0,7.0,7.0,6.0,7.0,7.0,6.0,7.0,7.0,7.0,6.0,6.0,7.0
rbzwbb,2.0,7.0,2.0,4.0,1.0,6.0,3.0,3.0,2.0,3.0,4.0,5.0,5.0,3.0,5.0
rfamlp,1.0,3.0,1.0,2.0,1.0,1.0,3.0,1.0,1.0,3.0,4.0,5.0,5.0,4.0,4.0
rhsefk,6.0,6.0,6.0,7.0,6.0,7.0,6.0,6.0,7.0,7.0,6.0,6.0,6.0,6.0,7.0
rmegzg,2.0,7.0,2.0,5.0,3.0,4.0,5.0,4.0,1.0,1.0,3.0,7.0,6.0,4.0,5.0
rmtmeq,2.0,5.0,3.0,2.0,7.0,5.0,2.0,3.0,2.0,1.0,1.0,7.0,3.0,2.0,6.0
rnlwar,4.0,5.0,3.0,7.0,4.0,6.0,4.0,3.0,3.0,6.0,5.0,7.0,7.0,6.0,5.0
rnoqzr,5.0,5.0,3.0,5.0,5.0,5.0,5.0,5.0,5.0,5.0,3.0,5.0,5.0,5.0,5.0
roixry,2.0,3.0,2.0,6.0,6.0,1.0,2.0,6.0,2.0,7.0,7.0,6.0,7.0,2.0,7.0
rpmuqf,2.0,3.0,1.0,3.0,4.0,4.0,3.0,6.0,6.0,6.0,5.0,6.0,7.0,6.0,7.0
rsjkpu,7.0,7.0,6.0,6.0,7.0,6.0,7.0,6.0,5.0,6.0,6.0,6.0,6.0,5.0,6.0
rsrysh,2.0,6.0,1.0,6.0,3.0,6.0,1.0,6.0,2.0,4.0,5.0,6.0,6.0,5.0,6.0
rsxlho,6.0,5.0,7.0,6.0,7.0,5.0,7.0,5.0,7.0,7.0,5.0,6.0,7.0,7.0,6.0
rszomf,1.0,7.0,1.0,5.0,3.0,6.0,4.0,4.0,4.0,1.0,1.0,7.0,6.0,2.0,7.0
rtzvxp,1.0,4.0,1.0,2.0,4.0,5.0,2.0,3.0,2.0,3.0,1.0,5.0,4.0,4.0,7.0
rxpdrq,2.0,7.0,2.0,4.0,5.0,7.0,6.0,6.0,4.0,7.0,2.0,6.0,5.0,4.0,7.0
rxvxto,6.0,4.0,4.0,4.0,4.0,4.0,4.0,4.0,4.0,4.0,4.0,4.0,4.0,4.0,3.0
ryexlc,1.0,3.0,1.0,5.0,2.0,6.0,2.0,2.0,1.0,5.0,3.0,5.0,6.0,5.0,5.0
rzflcc,1.0,3.0,1.0,5.0,4.0,3.0,2.0,2.0,1.0,7.0,5.0,5.0,5.0,5.0,6.0
rzlkmm,1.0,1.0,1.0,1.0,1.0,7.0,5.0,5.0,1.0,1.0,1.0,1.0,1.0,1.0,1.0
rznepb,1.0,6.0,2.0,4.0,7.0,6.0,2.0,3.0,1.0,7.0,2.0,7.0,5.0,2.0,6.0
segrpe,4.0,7.0,2.0,4.0,4.0,4.0,4.0,7.0,4.0,1.0,3.0,6.0,6.0,4.0,5.0
sewiqg,3.0,6.0,2.0,5.0,3.0,6.0,6.0,6.0,6.0,3.0,5.0,6.0,6.0,6.0,7.0
sgmacf,1.0,7.0,1.0,4.0,1.0,3.0,1.0,3.0,2.0,3.0,1.0,4.0,4.0,4.0,4.0
shhcrh,2.0,5.0,1.0,7.0,7.0,6.0,5.0,5.0,1.0,6.0,5.0,5.0,7.0,1.0,4.0
skocmv,5.0,6.0,3.0,6.0,3.0,6.0,5.0,6.0,3.0,6.0,3.0,2.0,5.0,4.0,6.0
sngzip,5.0,5.0,6.0,5.0,6.0,6.0,5.0,6.0,5.0,6.0,5.0,6.0,5.0,6.0,5.0
sotxxw,2.0,5.0,1.0,3.0,6.0,5.0,2.0,2.0,1.0,6.0,5.0,3.0,7.0,2.0,6.0
sozgfj,2.0,5.0,1.0,1.0,4.0,4.0,5.0,3.0,3.0,3.0,1.0,6.0,5.0,3.0,5.0
spuhxl,1.0,5.0,1.0,5.0,7.0,7.0,2.0,3.0,1.0,1.0,1.0,7.0,5.0,5.0,7.0
srenqc,1.0,3.0,1.0,3.0,2.0,2.0,2.0,6.0,3.0,6.0,7.0,2.0,5.0,1.0,6.0
sseaxv,6.0,6.0,2.0,4.0,6.0,5.0,4.0,3.0,1.0,1.0,1.0,7.0,6.0,5.0,7.0
ssmtvu,1.0,5.0,1.0,3.0,1.0,5.0,3.0,2.0,3.0,1.0,3.0,7.0,6.0,6.0,7.0
sszvjv,3.0,7.0,1.0,6.0,5.0,7.0,3.0,5.0,3.0,1.0,1.0,7.0,3.0,4.0,6.0
stdajy,2.0,7.0,3.0,5.0,3.0,7.0,7.0,5.0,2.0,3.0,5.0,6.0,5.0,4.0,7.0
stotbt,6.0,5.0,5.0,6.0,7.0,6.0,5.0,6.0,5.0,6.0,6.0,5.0,6.0,5.0,6.0
suxohb,2.0,7.0,3.0,2.0,4.0,3.0,3.0,3.0,3.0,5.0,4.0,7.0,7.0,4.0,7.0
svgyhi,1.0,4.0,1.0,1.0,1.0,2.0,1.0,3.0,2.0,2.0,4.0,7.0,7.0,5.0,7.0
tbbwla,6.0,5.0,5.0,6.0,6.0,3.0,4.0,5.0,3.0,6.0,5.0,6.0,4.0,4.0,4.0
tgjlqy,6.0,7.0,6.0,3.0,5.0,6.0,7.0,5.0,5.0,5.0,5.0,6.0,5.0,6.0,5.0
tgqilm,2.0,5.0,1.0,5.0,4.0,6.0,7.0,4.0,4.0,6.0,3.0,7.0,6.0,5.0,7.0
tgywtk,1.0,5.0,1.0,7.0,2.0,4.0,3.0,3.0,5.0,4.0,2.0,7.0,5.0,3.0,7.0
thucbw,6.0,6.0,6.0,4.0,6.0,6.0,6.0,6.0,6.0,6.0,6.0,6.0,6.0,6.0,6.0
tiivhu,6.0,5.0,5.0,6.0,5.0,6.0,5.0,6.0,5.0,6.0,6.0,5.0,6.0,5.0,6.0
tjuzaw,1.0,4.0,1.0,4.0,1.0,2.0,4.0,3.0,1.0,2.0,4.0,7.0,5.0,4.0,4.0
tjzafx,3.0,6.0,3.0,6.0,3.0,6.0,5.0,6.0,3.0,3.0,3.0,5.0,5.0,5.0,5.0
tmzyav,2.0,6.0,1.0,2.0,1.0,6.0,6.0,6.0,1.0,6.0,2.0,7.0,7.0,6.0,6.0
tombzc,1.0,7.0,1.0,6.0,5.0,5.0,4.0,4.0,2.0,1.0,5.0,2.0,5.0,4.0,7.0
trkkzm,1.0,2.0,1.0,7.0,6.0,4.0,3.0,2.0,1.0,1.0,7.0,6.0,7.0,4.0,4.0
tshuzf,2.0,6.0,1.0,5.0,6.0,7.0,7.0,4.0,5.0,5.0,6.0,7.0,7.0,5.0,6.0
ttejwx,6.0,5.0,6.0,6.0,1.0,7.0,6.0,5.0,4.0,7.0,6.0,6.0,5.0,5.0,4.0
ttffdn,6.0,1.0,1.0,1.0,1.0,1.0,1.0,7.0,1.0,7.0,1.0,5.0,7.0,5.0,6.0
tubyck,1.0,7.0,1.0,7.0,3.0,3.0,7.0,7.0,5.0,7.0,1.0,3.0,7.0,4.0,6.0
tvqzdl,5.0,7.0,6.0,5.0,5.0,5.0,7.0,2.0,2.0,6.0,6.0,6.0,6.0,6.0,6.0
tynosw,1.0,4.0,1.0,2.0,1.0,1.0,1.0,2.0,1.0,6.0,7.0,1.0,7.0,1.0,2.0
tztoxe,6.0,5.0,5.0,3.0,5.0,3.0,5.0,5.0,3.0,5.0,5.0,5.0,6.0,5.0,3.0
uadznz,3.0,5.0,2.0,7.0,2.0,2.0,7.0,5.0,5.0,7.0,7.0,7.0,7.0,7.0,7.0
ucubxq,2.0,2.0,1.0,3.0,3.0,4.0,3.0,2.0,1.0,4.0,3.0,6.0,6.0,2.0,5.0
udrgey,1.0,6.0,2.0,4.0,2.0,6.0,6.0,6.0,3.0,3.0,1.0,1.0,3.0,2.0,5.0
uetwjp,1.0,7.0,1.0,6.0,5.0,5.0,2.0,2.0,2.0,7.0,2.0,7.0,6.0,2.0,2.0
ueyiht,2.0,5.0,1.0,2.0,6.0,6.0,6.0,3.0,3.0,1.0,5.0,6.0,5.0,5.0,4.0
ugbnco,2.0,5.0,1.0,5.0,6.0,5.0,7.0,6.0,2.0,6.0,7.0,5.0,5.0,3.0,6.0
ugmczw,3.0,5.0,1.0,7.0,7.0,7.0,5.0,7.0,1.0,5.0,1.0,7.0,7.0,1.0,5.0
ugycvt,5.0,3.0,2.0,3.0,5.0,3.0,7.0,6.0,5.0,2.0,5.0,2.0,3.0,6.0,5.0
ujbqmu,1.0,7.0,1.0,2.0,6.0,2.0,2.0,2.0,1.0,7.0,1.0,1.0,7.0,1.0,1.0
ujdrey,6.0,5.0,5.0,6.0,5.0,7.0,5.0,6.0,5.0,6.0,6.0,5.0,5.0,6.0,5.0
ulyknk,1.0,1.0,1.0,6.0,1.0,3.0,6.0,6.0,1.0,6.0,6.0,6.0,7.0,6.0,7.0
umibms,6.0,1.0,5.0,6.0,7.0,2.0,6.0,7.0,1.0,2.0,6.0,5.0,6.0,1.0,5.0
umsdtz,2.0,6.0,2.0,5.0,2.0,6.0,4.0,4.0,3.0,1.0,2.0,5.0,6.0,4.0,6.0
unerdr,5.0,5.0,3.0,5.0,6.0,3.0,5.0,5.0,2.0,6.0,7.0,6.0,6.0,1.0,7.0
unmtkc,1.0,2.0,2.0,3.0,1.0,1.0,6.0,3.0,2.0,1.0,1.0,7.0,7.0,1.0,1.0
uoysoz,5.0,6.0,6.0,6.0,3.0,6.0,6.0,6.0,3.0,5.0,5.0,6.0,5.0,5.0,6.0
uqwabo,5.0,7.0,6.0,5.0,6.0,6.0,5.0,6.0,6.0,5.0,5.0,6.0,6.0,5.0,4.0
urrqcm,1.0,5.0,1.0,5.0,2.0,2.0,4.0,2.0,1.0,7.0,5.0,5.0,6.0,1.0,7.0
utabnn,3.0,3.0,2.0,5.0,6.0,1.0,5.0,3.0,3.0,7.0,6.0,5.0,6.0,2.0,5.0
uuoqoa,3.0,5.0,1.0,7.0,6.0,5.0,5.0,7.0,3.0,5.0,2.0,3.0,5.0,5.0,5.0
uwifys,1.0,6.0,1.0,3.0,2.0,4.0,1.0,2.0,2.0,1.0,1.0,2.0,5.0,1.0,2.0
uyemcx,5.0,5.0,6.0,6.0,5.0,5.0,6.0,5.0,5.0,4.0,5.0,6.0,6.0,5.0,6.0
uzuhka,2.0,6.0,2.0,6.0,2.0,3.0,4.0,5.0,2.0,1.0,4.0,6.0,7.0,5.0,6.0
vawlqh,1.0,7.0,1.0,3.0,3.0,5.0,2.0,7.0,2.0,1.0,3.0,3.0,5.0,5.0,7.0
vbkcff,1.0,3.0,1.0,5.0,5.0,6.0,3.0,3.0,5.0,5.0,4.0,6.0,5.0,1.0,5.0
vcqkzo,2.0,7.0,1.0,1.0,1.0,1.0,5.0,1.0,1.0,7.0,3.0,6.0,4.0,4.0,3.0
vfayzp,1.0,1.0,1.0,1.0,1.0,7.0,1.0,5.0,1.0,6.0,1.0,7.0,7.0,7.0,6.0
vfbebx,2.0,7.0,1.0,5.0,5.0,6.0,5.0,5.0,7.0,3.0,5.0,2.0,5.0,1.0,4.0
vfhtjz,1.0,6.0,1.0,2.0,3.0,6.0,5.0,2.0,1.0,2.0,3.0,3.0,5.0,3.0,2.0
vfytfc,4.0,6.0,4.0,4.0,3.0,5.0,6.0,4.0,4.0,3.0,3.0,7.0,6.0,4.0,4.0
vgaubw,2.0,5.0,2.0,5.0,5.0,5.0,6.0,6.0,3.0,6.0,2.0,5.0,6.0,3.0,5.0
vkanmo,3.0,3.0,2.0,4.0,2.0,4.0,3.0,3.0,3.0,4.0,2.0,4.0,5.0,4.0,4.0
vlhfjq,7.0,6.0,2.0,6.0,6.0,3.0,7.0,3.0,3.0,7.0,6.0,7.0,7.0,6.0,7.0
vlsjwi,1.0,5.0,1.0,5.0,3.0,6.0,7.0,5.0,5.0,1.0,1.0,6.0,6.0,5.0,6.0
vlsrdn,5.0,6.0,6.0,6.0,5.0,6.0,6.0,5.0,3.0,5.0,6.0,6.0,5.0,6.0,6.0
vlxsfm,2.0,5.0,2.0,4.0,4.0,4.0,5.0,3.0,3.0,6.0,4.0,6.0,6.0,3.0,6.0
vneqmc,1.0,5.0,1.0,2.0,4.0,4.0,5.0,2.0,2.0,5.0,5.0,7.0,6.0,4.0,4.0
vomyuu,1.0,1.0,1.0,5.0,7.0,1.0,4.0,4.0,1.0,7.0,7.0,7.0,7.0,1.0,5.0
votbul,2.0,4.0,1.0,6.0,4.0,4.0,3.0,4.0,2.0,1.0,3.0,4.0,6.0,3.0,5.0
vppnke,3.0,6.0,1.0,5.0,6.0,6.0,2.0,4.0,1.0,6.0,1.0,2.0,4.0,1.0,1.0
vtntxb,2.0,6.0,2.0,4.0,3.0,3.0,4.0,4.0,3.0,3.0,5.0,6.0,5.0,5.0,6.0
vtpeav,2.0,5.0,1.0,3.0,4.0,3.0,2.0,2.0,2.0,3.0,2.0,2.0,4.0,2.0,3.0
vvwbtv,2.0,6.0,2.0,5.0,2.0,3.0,5.0,5.0,3.0,6.0,5.0,5.0,5.0,5.0,3.0
vxahbn,1.0,4.0,1.0,7.0,4.0,4.0,1.0,1.0,4.0,4.0,1.0,1.0,4.0,1.0,1.0
vxaqln,2.0,7.0,1.0,5.0,2.0,5.0,6.0,5.0,1.0,4.0,4.0,7.0,6.0,4.0,7.0
vxlvzn,3.0,5.0,3.0,5.0,1.0,6.0,6.0,6.0,5.0,7.0,6.0,6.0,6.0,5.0,5.0
vzbgni,6.0,7.0,5.0,7.0,2.0,7.0,6.0,1.0,1.0,7.0,5.0,5.0,7.0,7.0,1.0
wajaav,3.0,3.0,2.0,2.0,5.0,3.0,3.0,3.0,2.0,6.0,5.0,6.0,5.0,3.0,3.0
waolzw,2.0,6.0,2.0,5.0,6.0,6.0,2.0,3.0,1.0,6.0,6.0,5.0,6.0,5.0,6.0
wbmpvs,6.0,6.0,7.0,7.0,7.0,6.0,7.0,6.0,6.0,7.0,6.0,6.0,7.0,7.0,7.0
wddebp,1.0,4.0,1.0,2.0,3.0,3.0,4.0,1.0,1.0,1.0,2.0,4.0,3.0,2.0,1.0
wecxjk,2.0,6.0,2.0,4.0,3.0,6.0,5.0,6.0,4.0,2.0,5.0,7.0,6.0,4.0,7.0
wfadvd,2.0,4.0,2.0,3.0,3.0,4.0,7.0,6.0,1.0,7.0,3.0,7.0,6.0,3.0,7.0
wfkplj,1.0,6.0,1.0,3.0,3.0,6.0,6.0,1.0,2.0,2.0,4.0,4.0,4.0,4.0,4.0
wfwjog,6.0,7.0,6.0,5.0,5.0,5.0,6.0,7.0,3.0,7.0,7.0,2.0,2.0,1.0,1.0
wkfvkn,1.0,7.0,1.0,1.0,4.0,5.0,5.0,4.0,7.0,2.0,1.0,5.0,5.0,5.0,5.0
wkjaar,2.0,6.0,2.0,5.0,4.0,5.0,4.0,3.0,2.0,7.0,4.0,7.0,7.0,6.0,7.0
wljeti,2.0,6.0,1.0,4.0,2.0,5.0,3.0,6.0,3.0,1.0,5.0,5.0,7.0,4.0,6.0
wlrgrf,1.0,7.0,1.0,1.0,2.0,3.0,5.0,1.0,1.0,7.0,6.0,6.0,7.0,5.0,3.0
wlvzth,2.0,5.0,1.0,5.0,5.0,2.0,4.0,7.0,1.0,1.0,6.0,6.0,6.0,3.0,7.0
wmnpcy,2.0,5.0,1.0,3.0,3.0,3.0,5.0,3.0,1.0,1.0,3.0,5.0,3.0,3.0,1.0
wmyljc,1.0,5.0,1.0,2.0,1.0,6.0,3.0,5.0,4.0,1.0,1.0,7.0,5.0,5.0,6.0
wobphn,2.0,5.0,2.0,5.0,2.0,7.0,5.0,5.0,1.0,5.0,5.0,6.0,6.0,6.0,5.0
wougvm,1.0,2.0,1.0,6.0,1.0,5.0,4.0,7.0,1.0,7.0,1.0,4.0,6.0,4.0,5.0
wpamkh,3.0,2.0,1.0,1.0,2.0,2.0,2.0,2.0,4.0,2.0,3.0,4.0,3.0,3.0,4.0
wqofxk,1.0,4.0,1.0,1.0,5.0,1.0,5.0,5.0,1.0,7.0,7.0,7.0,5.0,1.0,7.0
wtlzbo,1.0,4.0,1.0,5.0,2.0,4.0,6.0,5.0,2.0,3.0,4.0,6.0,7.0,5.0,7.0
wxbjmt,6.0,6.0,5.0,5.0,6.0,7.0,6.0,7.0,2.0,3.0,6.0,6.0,7.0,5.0,7.0
wxpzdm,2.0,1.0,1.0,1.0,2.0,1.0,5.0,2.0,1.0,6.0,1.0,2.0,1.0,1.0,3.0
wxuozh,1.0,2.0,1.0,2.0,2.0,2.0,2.0,2.0,1.0,2.0,4.0,4.0,4.0,4.0,4.0
wzwtae,1.0,6.0,1.0,1.0,3.0,2.0,1.0,2.0,1.0,1.0,2.0,5.0,2.0,1.0,5.0
xdmbin,3.0,3.0,3.0,4.0,3.0,3.0,3.0,3.0,1.0,6.0,2.0,5.0,5.0,3.0,3.0
xdquuq,2.0,5.0,2.0,2.0,7.0,7.0,2.0,7.0,3.0,3.0,3.0,3.0,2.0,3.0,2.0
xdqwmy,5.0,4.0,5.0,3.0,5.0,4.0,5.0,4.0,4.0,4.0,4.0,4.0,4.0,4.0,4.0
xinvom,2.0,6.0,1.0,3.0,4.0,5.0,7.0,7.0,2.0,2.0,3.0,7.0,4.0,6.0,7.0
xiyuzl,1.0,3.0,1.0,1.0,5.0,1.0,2.0,5.0,1.0,3.0,7.0,3.0,7.0,2.0,5.0
xkgbto,3.0,6.0,3.0,5.0,4.0,5.0,4.0,4.0,3.0,4.0,6.0,5.0,6.0,5.0,6.0
xkxpom,1.0,7.0,1.0,1.0,6.0,6.0,1.0,1.0,1.0,2.0,1.0,2.0,3.0,1.0,1.0
xmcvjq,2.0,7.0,2.0,2.0,1.0,6.0,6.0,2.0,1.0,1.0,1.0,3.0,7.0,5.0,5.0
xodpkt,2.0,5.0,1.0,5.0,7.0,3.0,2.0,6.0,1.0,7.0,4.0,6.0,7.0,1.0,6.0
xomuyv,5.0,5.0,2.0,6.0,3.0,7.0,7.0,3.0,3.0,6.0,2.0,7.0,7.0,2.0,4.0
xpykya,2.0,6.0,2.0,6.0,4.0,6.0,6.0,7.0,1.0,4.0,2.0,2.0,4.0,4.0,7.0
xqamme,1.0,7.0,1.0,1.0,1.0,1.0,7.0,1.0,1.0,7.0,1.0,7.0,6.0,3.0,3.0
xqzmlh,6.0,6.0,6.0,6.0,6.0,6.0,6.0,6.0,6.0,6.0,6.0,6.0,6.0,6.0,6.0
xrkiej,2.0,3.0,1.0,3.0,4.0,4.0,2.0,3.0,2.0,3.0,1.0,1.0,4.0,4.0,2.0
xrqruw,6.0,6.0,5.0,5.0,7.0,6.0,5.0,6.0,5.0,7.0,6.0,5.0,6.0,5.0,6.0
xtwpue,1.0,7.0,1.0,7.0,6.0,3.0,6.0,6.0,5.0,7.0,7.0,7.0,7.0,6.0,7.0
xuqoew,1.0,6.0,1.0,1.0,1.0,5.0,3.0,2.0,2.0,1.0,3.0,5.0,3.0,3.0,3.0
xvipbr,5.0,5.0,3.0,4.0,5.0,5.0,5.0,6.0,3.0,1.0,1.0,4.0,5.0,6.0,7.0
ydeetf,1.0,4.0,1.0,2.0,1.0,7.0,6.0,5.0,1.0,2.0,2.0,5.0,4.0,3.0,7.0
yedjmp,1.0,6.0,3.0,7.0,1.0,5.0,2.0,3.0,2.0,2.0,1.0,2.0,5.0,1.0,2.0
yfacmv,2.0,6.0,3.0,6.0,2.0,6.0,6.0,5.0,6.0,6.0,6.0,5.0,5.0,5.0,5.0
yfohkn,2.0,6.0,2.0,5.0,5.0,6.0,3.0,2.0,4.0,5.0,2.0,3.0,5.0,4.0,4.0
yhbeze,1.0,5.0,1.0,1.0,1.0,5.0,4.0,1.0,1.0,5.0,1.0,1.0,1.0,1.0,1.0
yhppbc,1.0,7.0,1.0,6.0,2.0,6.0,5.0,3.0,2.0,1.0,1.0,7.0,7.0,2.0,5.0
ykdppd,4.0,4.0,4.0,4.0,4.0,4.0,4.0,4.0,4.0,4.0,4.0,5.0,5.0,4.0,4.0
ylaxlk,1.0,2.0,1.0,2.0,1.0,4.0,3.0,2.0,3.0,1.0,3.0,3.0,4.0,2.0,2.0
ynjilk,2.0,3.0,2.0,5.0,2.0,7.0,5.0,5.0,3.0,3.0,5.0,5.0,6.0,3.0,6.0
ynnbid,6.0,5.0,5.0,3.0,5.0,3.0,6.0,5.0,5.0,5.0,5.0,3.0,5.0,5.0,5.0
yoliko,1.0,7.0,1.0,5.0,2.0,2.0,4.0,4.0,1.0,1.0,3.0,5.0,5.0,4.0,5.0
yonqhb,3.0,5.0,3.0,7.0,5.0,6.0,5.0,5.0,3.0,2.0,4.0,3.0,7.0,2.0,5.0
ypmizw,1.0,2.0,1.0,3.0,2.0,6.0,5.0,2.0,5.0,5.0,5.0,5.0,5.0,5.0,3.0
yrznqv,3.0,5.0,5.0,5.0,5.0,5.0,4.0,5.0,5.0,5.0,2.0,3.0,4.0,5.0,5.0
yslgol,5.0,6.0,5.0,4.0,5.0,6.0,5.0,6.0,6.0,5.0,6.0,5.0,6.0,5.0,5.0
ytuzdl,5.0,4.0,3.0,5.0,6.0,3.0,5.0,5.0,3.0,6.0,5.0,3.0,5.0,3.0,5.0
ytyhyc,2.0,7.0,1.0,3.0,5.0,5.0,3.0,4.0,3.0,6.0,6.0,5.0,5.0,3.0,3.0
yurqyj,2.0,1.0,6.0,7.0,5.0,2.0,6.0,6.0,1.0,5.0,7.0,7.0,7.0,2.0,6.0
ywrfxb,2.0,7.0,1.0,3.0,3.0,6.0,4.0,4.0,4.0,2.0,2.0,7.0,7.0,4.0,7.0
ywsros,2.0,6.0,2.0,5.0,2.0,5.0,3.0,4.0,2.0,2.0,1.0,4.0,6.0,5.0,6.0
ywyqmj,1.0,7.0,1.0,6.0,2.0,5.0,5.0,1.0,5.0,7.0,1.0,7.0,6.0,4.0,6.0
zdarzw,2.0,3.0,2.0,4.0,5.0,5.0,3.0,3.0,3.0,3.0,4.0,3.0,5.0,3.0,4.0
zdjuci,1.0,2.0,2.0,2.0,1.0,5.0,2.0,3.0,1.0,6.0,1.0,2.0,2.0,1.0,5.0
zhkvbs,2.0,4.0,1.0,1.0,2.0,5.0,4.0,1.0,1.0,4.0,4.0,4.0,4.0,4.0,4.0
zkjfum,5.0,7.0,6.0,7.0,6.0,2.0,6.0,5.0,6.0,6.0,6.0,6.0,5.0,7.0,6.0
zlxcpr,5.0,1.0,5.0,5.0,6.0,1.0,6.0,7.0,1.0,6.0,7.0,6.0,5.0,2.0,4.0
zmcfee,5.0,6.0,2.0,7.0,1.0,6.0,5.0,3.0,1.0,7.0,5.0,6.0,6.0,6.0,6.0
zoafdf,5.0,6.0,3.0,5.0,6.0,5.0,7.0,6.0,7.0,5.0,6.0,5.0,6.0,5.0,7.0
zotpxg,1.0,5.0,1.0,6.0,6.0,6.0,1.0,1.0,1.0,1.0,1.0,1.0,4.0,1.0,1.0
zrtbav,5.0,4.0,5.0,5.0,5.0,4.0,5.0,3.0,3.0,4.0,6.0,3.0,5.0,3.0,6.0
zuaztt,6.0,6.0,3.0,6.0,5.0,5.0,6.0,3.0,5.0,5.0,5.0,6.0,3.0,5.0,6.0
zuidyy,3.0,5.0,1.0,5.0,4.0,7.0,3.0,4.0,2.0,2.0,1.0,3.0,5.0,6.0,7.0
zvtjzv,7.0,6.0,5.0,7.0,5.0,3.0,5.0,3.0,3.0,6.0,7.0,7.0,7.0,5.0,5.0
zxbwkz,1.0,6.0,1.0,3.0,5.0,5.0,6.0,5.0,6.0,5.0,2.0,7.0,6.0,1.0,5.0
zymjlf,4.0,7.0,6.0,5.0,4.0,7.0,7.0,7.0,7.0,2.0,3.0,7.0,4.0,4.0,6.0
