,Response,Response,Response
Question Key,PGRD1,PGRD2,PGRD3
Participant Completion Code,,,
aaqmxl,4.0,6.0,6.0
acogtt,2.0,2.0,2.0
adixob,6.0,6.0,6.0
adusps,1.0,1.0,1.0
adxtsl,3.0,2.0,2.0
aeiuhw,7.0,7.0,7.0
aexdme,1.0,1.0,1.0
aflltq,7.0,7.0,7.0
afpkoh,2.0,2.0,2.0
afsdur,7.0,7.0,6.0
ahpzxq,5.0,3.0,2.0
ahyffc,7.0,6.0,6.0
aievnt,7.0,7.0,7.0
akfjlt,7.0,7.0,7.0
anqogs,2.0,2.0,2.0
apdpdy,7.0,7.0,6.0
arvyqa,5.0,5.0,5.0
atgyep,6.0,5.0,6.0
aumwbq,1.0,1.0,1.0
auszpl,3.0,2.0,3.0
avjvvk,1.0,1.0,1.0
avyney,1.0,1.0,1.0
axmdkd,6.0,6.0,5.0
ayzbgp,6.0,5.0,5.0
azqsdu,1.0,1.0,4.0
bcgpxa,2.0,2.0,1.0
bcusdb,4.0,1.0,1.0
bfapup,1.0,1.0,1.0
bfbzto,7.0,7.0,7.0
bhpdxz,2.0,2.0,2.0
biqbww,6.0,5.0,6.0
bisnhd,6.0,7.0,2.0
bkwuvn,1.0,1.0,1.0
bncpak,1.0,1.0,1.0
bquykh,2.0,2.0,1.0
brwtdd,1.0,1.0,1.0
btchmp,7.0,6.0,6.0
bykvux,6.0,5.0,5.0
bzkuxw,5.0,5.0,4.0
bzwjyb,6.0,5.0,6.0
ccrgit,5.0,5.0,5.0
cdtmsp,7.0,7.0,6.0
cftfqo,7.0,6.0,6.0
cfxqqu,3.0,3.0,2.0
cimlvf,1.0,1.0,1.0
ckarrn,5.0,5.0,5.0
ckknhj,4.0,4.0,4.0
clmzjo,5.0,5.0,5.0
cmemoq,1.0,1.0,1.0
cmowsg,2.0,1.0,2.0
cqbjwf,7.0,3.0,1.0
crvkft,1.0,1.0,1.0
ctlnwv,4.0,4.0,4.0
ctnpdz,1.0,1.0,1.0
ctpmrm,5.0,7.0,3.0
cwgdfy,1.0,1.0,1.0
cyxqrq,5.0,5.0,5.0
czeabu,6.0,2.0,5.0
cznnff,6.0,6.0,6.0
dcjkzc,5.0,6.0,5.0
ddfwkg,1.0,1.0,1.0
ddvkmy,6.0,6.0,6.0
dehbmc,6.0,5.0,6.0
dfyrjv,5.0,6.0,7.0
dkglyh,5.0,5.0,3.0
dkjymc,5.0,5.0,5.0
dlnafn,7.0,7.0,7.0
dlrggl,5.0,5.0,3.0
dmjmoi,2.0,3.0,5.0
dmtidu,7.0,6.0,6.0
doaryd,2.0,2.0,2.0
dodaau,7.0,7.0,5.0
dpwkci,7.0,6.0,6.0
dsjgzg,5.0,5.0,5.0
dtinxe,7.0,5.0,6.0
dtylnm,6.0,5.0,6.0
dveehp,7.0,2.0,5.0
dwuklr,5.0,3.0,5.0
dxhzrs,4.0,4.0,4.0
dxsukr,5.0,2.0,2.0
dyojwc,7.0,7.0,7.0
eaxdhh,1.0,1.0,1.0
ebhjia,2.0,2.0,2.0
ecwbap,6.0,6.0,7.0
edrcou,6.0,4.0,4.0
eehvtk,6.0,6.0,5.0
eekvta,3.0,4.0,5.0
efqcxo,7.0,4.0,3.0
eifnun,7.0,6.0,6.0
ejzjvr,7.0,7.0,7.0
ellpfh,3.0,3.0,2.0
eokqdi,1.0,1.0,1.0
epemwo,7.0,7.0,7.0
eppdnt,1.0,1.0,1.0
essxlx,5.0,5.0,6.0
ewwdkx,1.0,1.0,1.0
exgfst,2.0,1.0,1.0
fawsmh,4.0,4.0,5.0
fctwcz,5.0,3.0,5.0
fdwppt,6.0,2.0,6.0
fdwrba,6.0,6.0,5.0
fejaps,7.0,7.0,7.0
ffjesf,1.0,1.0,1.0
fggcxz,7.0,7.0,7.0
fibcnv,6.0,6.0,6.0
fjambo,5.0,5.0,5.0
fjbvgc,6.0,6.0,6.0
fjqfdp,6.0,6.0,6.0
fjufyn,7.0,6.0,6.0
flapjg,7.0,7.0,7.0
flglki,3.0,1.0,3.0
fpzstz,5.0,6.0,5.0
frwzje,3.0,5.0,5.0
fslsyy,5.0,6.0,5.0
fulzff,3.0,3.0,2.0
fxxrqq,7.0,7.0,7.0
fyukrj,1.0,1.0,1.0
fzvqkg,1.0,1.0,1.0
gcibtt,2.0,1.0,1.0
gckgau,3.0,5.0,3.0
gegbqe,5.0,5.0,5.0
gflmfv,3.0,3.0,3.0
giqzdt,3.0,1.0,1.0
gjcqxs,6.0,6.0,6.0
glolxh,1.0,1.0,1.0
gnmpev,3.0,2.0,1.0
gqlonv,6.0,2.0,5.0
gqusld,1.0,1.0,1.0
gquwbk,1.0,1.0,1.0
gtndmy,2.0,2.0,2.0
gtnhln,2.0,6.0,2.0
gulupd,6.0,6.0,5.0
guvxpc,7.0,1.0,1.0
guwznl,6.0,5.0,5.0
gvajcf,3.0,5.0,5.0
gxyjid,6.0,5.0,7.0
gzyjre,2.0,2.0,2.0
hadzmn,7.0,7.0,7.0
haudtb,4.0,2.0,2.0
hbsgzy,6.0,7.0,7.0
hddnwm,6.0,6.0,5.0
hdhvbm,7.0,7.0,7.0
hezsxd,5.0,5.0,2.0
hfwkvd,1.0,1.0,1.0
hihory,6.0,6.0,6.0
hjpfnb,1.0,1.0,1.0
hkyksz,5.0,6.0,6.0
hlwcwz,7.0,5.0,5.0
hmwwlw,5.0,6.0,5.0
hroabx,1.0,1.0,1.0
hscrcc,1.0,1.0,1.0
hseiel,4.0,1.0,1.0
hszcix,5.0,6.0,6.0
htdgvb,5.0,7.0,6.0
htnftg,2.0,2.0,1.0
htxncz,7.0,7.0,7.0
hvckmw,6.0,5.0,5.0
hybrju,5.0,3.0,6.0
iamyvk,2.0,2.0,1.0
iaoads,7.0,7.0,6.0
ibedrh,3.0,5.0,5.0
ibyyer,4.0,4.0,4.0
icfhdu,1.0,1.0,1.0
icogvc,3.0,2.0,3.0
icovxq,7.0,7.0,7.0
ictkon,7.0,7.0,7.0
idpwtf,1.0,1.0,1.0
ielgkm,3.0,3.0,3.0
ihkkfw,1.0,1.0,1.0
iiipaj,7.0,7.0,7.0
ijutpw,4.0,5.0,5.0
ijwpwl,6.0,6.0,6.0
immutp,4.0,4.0,4.0
inrble,7.0,6.0,6.0
isfbio,6.0,6.0,6.0
iuekld,5.0,3.0,5.0
iulcbx,1.0,1.0,2.0
iyeyly,5.0,5.0,4.0
izkrfg,5.0,5.0,3.0
izuebg,7.0,6.0,5.0
jampao,6.0,6.0,5.0
jbrach,7.0,7.0,7.0
jbwutr,7.0,7.0,7.0
jcmrbl,1.0,1.0,1.0
jczprf,3.0,3.0,2.0
jekjkr,5.0,5.0,4.0
jfafyh,5.0,6.0,5.0
jfmevw,5.0,5.0,5.0
jfxtji,1.0,1.0,1.0
jgsosb,3.0,3.0,3.0
jiemlh,5.0,4.0,4.0
jitnvt,5.0,6.0,5.0
jitwvn,6.0,5.0,5.0
jizkac,7.0,6.0,7.0
jkctcb,4.0,4.0,4.0
jkwzui,6.0,5.0,6.0
jlraew,1.0,1.0,1.0
jlvvos,7.0,7.0,7.0
jmovmv,2.0,2.0,1.0
johmjz,6.0,2.0,5.0
joqxhd,7.0,7.0,7.0
jqtmgr,1.0,0.0,1.0
jtfgjz,7.0,7.0,7.0
jtvovl,6.0,7.0,7.0
jvkuwt,1.0,1.0,1.0
jwttkf,5.0,3.0,5.0
jxrmgs,5.0,3.0,1.0
jylmcz,5.0,3.0,5.0
kcoapk,1.0,1.0,1.0
kelsop,7.0,7.0,7.0
keuebd,7.0,7.0,7.0
kfgfyf,7.0,7.0,7.0
kfmihd,5.0,6.0,5.0
kfyuvh,6.0,6.0,5.0
kgpjen,6.0,6.0,6.0
khpwwg,6.0,6.0,6.0
kinsis,3.0,3.0,3.0
kkaant,5.0,6.0,6.0
kkaiak,6.0,5.0,3.0
kkdwll,6.0,2.0,2.0
klhcpt,6.0,6.0,6.0
kolnzj,5.0,3.0,4.0
kqubod,2.0,3.0,3.0
kquedi,5.0,3.0,2.0
kriixj,7.0,7.0,7.0
ksattc,5.0,6.0,2.0
ksprgd,6.0,6.0,6.0
kuuvst,7.0,7.0,7.0
kviroj,7.0,7.0,7.0
kyejec,7.0,7.0,7.0
kyilba,7.0,7.0,7.0
kyplas,2.0,1.0,1.0
kywzbb,5.0,5.0,6.0
kzbfrf,7.0,6.0,6.0
lahnku,6.0,6.0,5.0
lblktv,5.0,3.0,1.0
lbrazs,6.0,5.0,6.0
ldfzns,5.0,6.0,7.0
lefhjr,6.0,6.0,5.0
likfcf,3.0,3.0,3.0
linucm,2.0,3.0,3.0
ljlkwb,5.0,5.0,6.0
lkazjv,7.0,7.0,7.0
llthtw,3.0,2.0,1.0
lnqjif,5.0,2.0,1.0
lnvtrm,5.0,5.0,2.0
loffhd,5.0,5.0,5.0
lonxri,4.0,4.0,4.0
lugamy,5.0,5.0,5.0
luoxjz,4.0,4.0,5.0
lxuydf,6.0,6.0,6.0
lypsdr,6.0,7.0,6.0
lyugoo,3.0,3.0,2.0
maffaz,4.0,4.0,4.0
makjkx,1.0,1.0,7.0
maseso,1.0,1.0,1.0
mcvpja,5.0,4.0,3.0
mdrxzl,5.0,5.0,5.0
mdxllw,5.0,5.0,5.0
mewgwy,1.0,1.0,1.0
mfyzma,6.0,6.0,5.0
mgyuer,1.0,2.0,1.0
mhydqe,6.0,5.0,6.0
mibmyy,7.0,7.0,6.0
miqzkw,6.0,6.0,2.0
mkaznv,6.0,5.0,6.0
mmnajf,7.0,7.0,1.0
mntfas,1.0,1.0,1.0
mobeqv,7.0,7.0,7.0
moufxk,7.0,7.0,7.0
msrsyj,2.0,1.0,1.0
mswxqu,1.0,1.0,1.0
msyahr,7.0,7.0,7.0
mwjhrs,7.0,7.0,7.0
mwwquu,1.0,2.0,2.0
mxoclm,6.0,6.0,6.0
mxpeni,6.0,7.0,6.0
mycpgb,7.0,7.0,7.0
mynwqp,7.0,7.0,7.0
nbqago,1.0,1.0,1.0
ndwzox,7.0,7.0,7.0
nepdeg,7.0,7.0,7.0
nfcatx,1.0,1.0,1.0
ngclzt,1.0,1.0,1.0
ngcszp,6.0,5.0,5.0
nhgwna,1.0,1.0,1.0
niyioz,7.0,6.0,6.0
nkhnga,7.0,7.0,7.0
nmrdzl,5.0,5.0,1.0
nnjyvf,1.0,1.0,1.0
noabzv,7.0,7.0,7.0
npeuya,3.0,1.0,1.0
npqwtf,6.0,6.0,7.0
nprlrq,5.0,5.0,5.0
ntirsa,3.0,4.0,3.0
nvadex,1.0,1.0,1.0
nxffsu,6.0,6.0,6.0
nyydpn,5.0,6.0,4.0
obqagw,5.0,3.0,5.0
obzklw,4.0,4.0,4.0
ocnfbh,1.0,1.0,1.0
ocsmcv,6.0,2.0,2.0
odxdmz,2.0,1.0,1.0
oeenuw,1.0,1.0,1.0
oeodxg,3.0,3.0,3.0
oepruf,2.0,3.0,5.0
ofduuo,2.0,2.0,1.0
ogbinc,4.0,4.0,4.0
ogpkbb,1.0,2.0,2.0
ohjjbc,2.0,1.0,1.0
ohtdsa,5.0,2.0,1.0
oicuqj,3.0,3.0,2.0
okcdcz,1.0,1.0,1.0
omvped,1.0,1.0,1.0
ooobck,4.0,4.0,2.0
oqcpcn,2.0,2.0,1.0
oszidz,1.0,1.0,1.0
otlshe,7.0,7.0,7.0
oucemv,6.0,6.0,4.0
owhwro,5.0,3.0,3.0
owlofw,7.0,7.0,7.0
owxsre,5.0,5.0,6.0
ozzgqo,7.0,7.0,6.0
pakcvu,7.0,6.0,6.0
pbjdft,7.0,5.0,7.0
pcbfxq,5.0,4.0,1.0
pcblkt,7.0,7.0,7.0
pcpzeu,7.0,2.0,5.0
pdgtew,5.0,5.0,5.0
pdihhd,1.0,1.0,1.0
pegiud,7.0,6.0,7.0
pfknyq,1.0,1.0,1.0
pftskn,1.0,1.0,1.0
pgrwgl,1.0,1.0,1.0
plnrbp,7.0,5.0,5.0
plpxvv,7.0,7.0,7.0
prvulq,5.0,5.0,3.0
psemtl,7.0,7.0,7.0
pucoim,1.0,1.0,1.0
pzjeej,5.0,5.0,5.0
qbbvip,7.0,7.0,3.0
qdxyab,1.0,1.0,1.0
qdyaul,4.0,4.0,4.0
qhmimn,1.0,1.0,1.0
qhujuc,7.0,7.0,7.0
qiinwq,6.0,3.0,6.0
qjflyu,7.0,5.0,3.0
qjscpi,7.0,7.0,7.0
qjzlxm,1.0,1.0,1.0
qkvekf,6.0,7.0,7.0
qkzsvn,4.0,4.0,4.0
qmvsrn,4.0,2.0,1.0
qnctim,2.0,2.0,2.0
qpplfr,2.0,2.0,2.0
qrngsd,5.0,5.0,5.0
qryglz,6.0,4.0,3.0
qsdrzl,1.0,1.0,1.0
qtsgfe,5.0,6.0,5.0
qtuhkn,7.0,7.0,7.0
qubrsp,2.0,2.0,1.0
quwdop,7.0,7.0,7.0
qvgwrd,6.0,7.0,7.0
qwagcb,1.0,1.0,1.0
qxnykz,2.0,3.0,4.0
rbjbdd,6.0,6.0,6.0
rbzwbb,3.0,2.0,3.0
rfamlp,4.0,4.0,4.0
rhsefk,5.0,6.0,5.0
rmegzg,5.0,5.0,4.0
rmtmeq,1.0,1.0,1.0
rnlwar,5.0,5.0,5.0
rnoqzr,5.0,5.0,5.0
roixry,2.0,2.0,2.0
rpmuqf,3.0,1.0,1.0
rsjkpu,6.0,6.0,4.0
rsrysh,6.0,6.0,6.0
rsxlho,5.0,6.0,7.0
rszomf,1.0,1.0,1.0
rtzvxp,1.0,1.0,1.0
rxpdrq,3.0,2.0,1.0
rxvxto,5.0,4.0,4.0
ryexlc,7.0,7.0,7.0
rzflcc,4.0,3.0,3.0
rzlkmm,7.0,7.0,7.0
rznepb,6.0,6.0,6.0
segrpe,7.0,7.0,7.0
sewiqg,5.0,6.0,6.0
sgmacf,1.0,1.0,1.0
shhcrh,4.0,4.0,4.0
skocmv,6.0,7.0,5.0
sngzip,5.0,6.0,5.0
sotxxw,5.0,1.0,1.0
sozgfj,6.0,5.0,3.0
spuhxl,1.0,1.0,1.0
srenqc,1.0,1.0,1.0
sseaxv,2.0,2.0,1.0
ssmtvu,3.0,3.0,2.0
sszvjv,1.0,1.0,1.0
stdajy,5.0,3.0,2.0
stotbt,6.0,5.0,6.0
suxohb,3.0,2.0,1.0
svgyhi,1.0,1.0,1.0
tbbwla,6.0,5.0,6.0
tgjlqy,6.0,5.0,6.0
tgqilm,6.0,6.0,6.0
tgywtk,5.0,5.0,4.0
thucbw,6.0,6.0,6.0
tiivhu,6.0,7.0,6.0
tjuzaw,1.0,1.0,1.0
tjzafx,5.0,5.0,3.0
tmzyav,5.0,5.0,5.0
tombzc,1.0,1.0,1.0
trkkzm,1.0,1.0,1.0
tshuzf,6.0,6.0,3.0
ttejwx,4.0,4.0,4.0
ttffdn,1.0,1.0,1.0
tubyck,7.0,7.0,7.0
tvqzdl,6.0,6.0,6.0
tynosw,7.0,6.0,6.0
tztoxe,6.0,6.0,6.0
uadznz,6.0,3.0,4.0
ucubxq,5.0,5.0,3.0
udrgey,3.0,3.0,2.0
uetwjp,7.0,7.0,7.0
ueyiht,3.0,3.0,2.0
ugbnco,3.0,1.0,2.0
ugmczw,7.0,7.0,7.0
ugycvt,3.0,5.0,6.0
ujbqmu,1.0,5.0,4.0
ujdrey,6.0,5.0,6.0
ulyknk,5.0,6.0,6.0
umibms,6.0,3.0,1.0
umsdtz,1.0,1.0,1.0
unerdr,2.0,3.0,2.0
unmtkc,7.0,7.0,7.0
uoysoz,5.0,5.0,6.0
uqwabo,7.0,5.0,5.0
urrqcm,7.0,7.0,7.0
utabnn,2.0,2.0,2.0
uuoqoa,6.0,7.0,7.0
uwifys,2.0,2.0,1.0
uyemcx,3.0,4.0,4.0
uzuhka,2.0,2.0,2.0
vawlqh,6.0,3.0,4.0
vbkcff,2.0,2.0,2.0
vcqkzo,7.0,7.0,6.0
vfayzp,7.0,7.0,5.0
vfbebx,7.0,7.0,3.0
vfhtjz,7.0,5.0,7.0
vfytfc,4.0,4.0,4.0
vgaubw,7.0,7.0,7.0
vkanmo,6.0,6.0,6.0
vlhfjq,7.0,7.0,6.0
vlsjwi,5.0,2.0,7.0
vlsrdn,6.0,6.0,5.0
vlxsfm,7.0,7.0,7.0
vneqmc,7.0,6.0,5.0
vomyuu,1.0,1.0,1.0
votbul,1.0,1.0,1.0
vppnke,1.0,1.0,1.0
vtntxb,2.0,2.0,2.0
vtpeav,5.0,3.0,3.0
vvwbtv,2.0,3.0,2.0
vxahbn,7.0,7.0,7.0
vxaqln,7.0,7.0,5.0
vxlvzn,2.0,2.0,3.0
vzbgni,6.0,5.0,6.0
wajaav,3.0,3.0,3.0
waolzw,4.0,3.0,3.0
wbmpvs,6.0,7.0,6.0
wddebp,1.0,1.0,1.0
wecxjk,6.0,6.0,3.0
wfadvd,7.0,7.0,7.0
wfkplj,6.0,6.0,4.0
wfwjog,7.0,7.0,7.0
wkfvkn,7.0,7.0,6.0
wkjaar,1.0,1.0,1.0
wljeti,7.0,7.0,7.0
wlrgrf,5.0,4.0,3.0
wlvzth,3.0,2.0,1.0
wmnpcy,5.0,5.0,5.0
wmyljc,6.0,6.0,6.0
wobphn,5.0,5.0,5.0
wougvm,7.0,7.0,7.0
wpamkh,7.0,7.0,6.0
wqofxk,4.0,4.0,4.0
wtlzbo,1.0,1.0,1.0
wxbjmt,3.0,7.0,6.0
wxpzdm,7.0,7.0,7.0
wxuozh,3.0,3.0,4.0
wzwtae,3.0,3.0,3.0
xdmbin,6.0,6.0,6.0
xdquuq,5.0,5.0,6.0
xdqwmy,4.0,4.0,4.0
xinvom,6.0,3.0,1.0
xiyuzl,1.0,1.0,1.0
xkgbto,3.0,2.0,3.0
xkxpom,7.0,7.0,7.0
xmcvjq,7.0,6.0,6.0
xodpkt,5.0,5.0,5.0
xomuyv,3.0,2.0,3.0
xpykya,2.0,1.0,1.0
xqamme,7.0,7.0,7.0
xqzmlh,6.0,6.0,6.0
xrkiej,6.0,6.0,6.0
xrqruw,5.0,6.0,5.0
xtwpue,1.0,1.0,1.0
xuqoew,1.0,1.0,1.0
xvipbr,7.0,7.0,7.0
ydeetf,1.0,1.0,1.0
yedjmp,3.0,6.0,5.0
yfacmv,6.0,6.0,6.0
yfohkn,1.0,1.0,1.0
yhbeze,6.0,6.0,4.0
yhppbc,1.0,1.0,1.0
ykdppd,4.0,5.0,5.0
ylaxlk,7.0,7.0,7.0
ynjilk,1.0,1.0,1.0
ynnbid,5.0,5.0,5.0
yoliko,4.0,3.0,3.0
yonqhb,2.0,1.0,2.0
ypmizw,3.0,5.0,5.0
yrznqv,3.0,2.0,2.0
yslgol,5.0,3.0,6.0
ytuzdl,5.0,5.0,4.0
ytyhyc,4.0,4.0,4.0
yurqyj,2.0,5.0,2.0
ywrfxb,1.0,1.0,1.0
ywsros,1.0,1.0,1.0
ywyqmj,7.0,7.0,7.0
zdarzw,5.0,5.0,5.0
zdjuci,4.0,6.0,6.0
zhkvbs,7.0,7.0,7.0
zkjfum,6.0,5.0,5.0
zlxcpr,2.0,1.0,1.0
zmcfee,5.0,7.0,6.0
zoafdf,5.0,6.0,5.0
zotpxg,7.0,7.0,7.0
zrtbav,5.0,5.0,3.0
zuaztt,6.0,5.0,3.0
zuidyy,5.0,5.0,5.0
zvtjzv,1.0,2.0,3.0
zxbwkz,1.0,1.0,1.0
zymjlf,7.0,7.0,1.0
